Metodo,Modelo,Parametros,fit_kwargs,Tiempo,Accuracy Todas,Accuracy Aceptadas,F1 score Todas,F1 score Aceptadas
Boruta,RandomForestClassifier(n_estimators=10),{},{},27.513314723968506,0.9484126984126984,0.9484126984126984,0.9302325581395349,0.9302325581395349
Boruta,RandomForestClassifier(n_estimators=50),{},{},27.543739795684814,0.9484126984126984,0.9358465608465609,0.9302325581395349,0.9147286821705426
Boruta,RandomForestClassifier(),{},{},27.11538815498352,0.9484126984126984,0.9484126984126984,0.9302325581395349,0.9302325581395349
Boruta,RandomForestRegressor(n_estimators=10),{},{},66.93913698196411,0.9484126984126984,0.9623015873015872,0.9302325581395349,0.9523809523809523
Boruta,RandomForestRegressor(n_estimators=50),{},{},63.097421169281006,0.9484126984126984,0.9623015873015872,0.9302325581395349,0.9523809523809523
Boruta,RandomForestRegressor(),{},{},70.1592710018158,0.9484126984126984,0.9623015873015872,0.9302325581395349,0.9523809523809523
Boruta,<catboost.core.CatBoostClassifier object at 0x0000020D54C15F10>,{},{},,,,,
Boruta,<catboost.core.CatBoostClassifier object at 0x0000020D54C15F70>,{},{},,,,,
Boruta,<catboost.core.CatBoostClassifier object at 0x0000020D54C15FD0>,{},{},,,,,
Boruta,<catboost.core.CatBoostClassifier object at 0x0000020D54C20070>,{},{},,,,,
Boruta,<catboost.core.CatBoostClassifier object at 0x0000020D54C200D0>,{},{},,,,,
Boruta,<catboost.core.CatBoostClassifier object at 0x0000020D54C20130>,{},{},,,,,
Boruta,<catboost.core.CatBoostRegressor object at 0x0000020D54C20190>,{},{},,,,,
Boruta,<catboost.core.CatBoostRegressor object at 0x0000020D54C201F0>,{},{},,,,,
Boruta,<catboost.core.CatBoostRegressor object at 0x0000020D54C20250>,{},{},,,,,
Boruta,<catboost.core.CatBoostRegressor object at 0x0000020D54C202B0>,{},{},,,,,
Boruta,<catboost.core.CatBoostRegressor object at 0x0000020D54C20310>,{},{},,,,,
Boruta,<catboost.core.CatBoostRegressor object at 0x0000020D54C20370>,{},{},,,,,
Boruta,DecisionTreeClassifier(),{},{},,,,,
Boruta,"DecisionTreeClassifier(max_depth=1, max_leaf_nodes=3)",{},{},,,,,
Boruta,"DecisionTreeClassifier(max_depth=10, max_leaf_nodes=5)",{},{},,,,,
Boruta,DecisionTreeRegressor(),{},{},,,,,
Boruta,"DecisionTreeRegressor(max_depth=1, max_leaf_nodes=3)",{},{},,,,,
Boruta,"DecisionTreeRegressor(max_depth=10, max_leaf_nodes=5)",{},{},,,,,
Boruta,"XGBClassifier(base_score=None, booster=None, callbacks=None,
              colsample_bylevel=None, colsample_bynode=None,
              colsample_bytree=None, early_stopping_rounds=None,
              enable_categorical=False, eval_metric=None, feature_types=None,
              gamma=None, gpu_id=None, grow_policy=None, importance_type=None,
              interaction_constraints=None, learning_rate=None, max_bin=None,
              max_cat_threshold=None, max_cat_to_onehot=None,
              max_delta_step=None, max_depth=None, max_leaves=None,
              min_child_weight=None, missing=nan, monotone_constraints=None,
              n_estimators=100, n_jobs=None, num_parallel_tree=None,
              predictor=None, random_state=1290439997, ...)",{},{},3.8497138023376465,0.9484126984126984,0.9484126984126984,0.9302325581395349,0.9302325581395349
Boruta,"XGBRegressor(base_score=None, booster=None, callbacks=None,
             colsample_bylevel=None, colsample_bynode=None,
             colsample_bytree=None, early_stopping_rounds=None,
             enable_categorical=False, eval_metric=None, feature_types=None,
             gamma=None, gpu_id=None, grow_policy=None, importance_type=None,
             interaction_constraints=None, learning_rate=None, max_bin=None,
             max_cat_threshold=None, max_cat_to_onehot=None,
             max_delta_step=None, max_depth=None, max_leaves=None,
             min_child_weight=None, missing=nan, monotone_constraints=None,
             n_estimators=100, n_jobs=None, num_parallel_tree=None,
             predictor=None, random_state=1634160750, ...)",{},{},5.6040074825286865,0.9484126984126984,0.9484126984126984,0.9302325581395349,0.9302325581395349
Boruta,LogisticRegression(),{},{},,,,,
Boruta,LogisticRegression(max_iter=1000),{},{},,,,,
Shapicant,RandomForestClassifier(n_estimators=10),{},{},25.298961639404297,0.9484126984126984,0.951058201058201,0.9302325581395349,0.943089430894309
Shapicant,RandomForestClassifier(n_estimators=50),{},{},121.34482407569885,0.9484126984126984,0.9431216931216931,0.9302325581395349,0.9344262295081968
Shapicant,RandomForestClassifier(),{},{},243.74591302871704,0.9484126984126984,0.966931216931217,0.9302325581395349,0.96
Shapicant,RandomForestRegressor(n_estimators=10),{},{},26.31641459465027,0.9484126984126984,0.951058201058201,0.9302325581395349,0.943089430894309
Shapicant,RandomForestRegressor(n_estimators=50),{},{},132.34680438041687,0.9484126984126984,0.951058201058201,0.9302325581395349,0.943089430894309
Shapicant,RandomForestRegressor(),{},{},260.08138966560364,0.9484126984126984,0.9623015873015872,0.9302325581395349,0.9523809523809523
Shapicant,<catboost.core.CatBoostClassifier object at 0x0000020D54C15F10>,{},{},,,,,
Shapicant,<catboost.core.CatBoostClassifier object at 0x0000020D54C15F70>,{},{},,,,,
Shapicant,<catboost.core.CatBoostClassifier object at 0x0000020D54C15FD0>,{},{},,,,,
Shapicant,<catboost.core.CatBoostClassifier object at 0x0000020D54C20070>,{},{},,,,,
Shapicant,<catboost.core.CatBoostClassifier object at 0x0000020D54C200D0>,{},{},,,,,
Shapicant,<catboost.core.CatBoostClassifier object at 0x0000020D54C20130>,{},{},,,,,
Shapicant,<catboost.core.CatBoostRegressor object at 0x0000020D54C20190>,{},{},,,,,
Shapicant,<catboost.core.CatBoostRegressor object at 0x0000020D54C201F0>,{},{},,,,,
Shapicant,<catboost.core.CatBoostRegressor object at 0x0000020D54C20250>,{},{},,,,,
Shapicant,<catboost.core.CatBoostRegressor object at 0x0000020D54C202B0>,{},{},,,,,
Shapicant,<catboost.core.CatBoostRegressor object at 0x0000020D54C20310>,{},{},,,,,
Shapicant,<catboost.core.CatBoostRegressor object at 0x0000020D54C20370>,{},{},,,,,
Shapicant,DecisionTreeClassifier(),{},{},4.522829294204712,0.9484126984126984,0.9623015873015872,0.9302325581395349,0.9523809523809523
Shapicant,"DecisionTreeClassifier(max_depth=1, max_leaf_nodes=3)",{},{},0.8501927852630615,0.9484126984126984,0.8571428571428571,0.9302325581395349,0.8188976377952756
Shapicant,"DecisionTreeClassifier(max_depth=10, max_leaf_nodes=5)",{},{},1.2043123245239258,0.9484126984126984,0.9623015873015872,0.9302325581395349,0.9523809523809523
Shapicant,DecisionTreeRegressor(),{},{},3.8938400745391846,0.9484126984126984,0.8571428571428571,0.9302325581395349,0.8188976377952756
Shapicant,"DecisionTreeRegressor(max_depth=1, max_leaf_nodes=3)",{},{},0.5382442474365234,0.9484126984126984,0.8571428571428571,0.9302325581395349,0.8188976377952756
Shapicant,"DecisionTreeRegressor(max_depth=10, max_leaf_nodes=5)",{},{},0.8745272159576416,0.9484126984126984,0.9623015873015872,0.9302325581395349,0.9523809523809523
Shapicant,"XGBClassifier(base_score=None, booster=None, callbacks=None,
              colsample_bylevel=None, colsample_bynode=None,
              colsample_bytree=None, early_stopping_rounds=None,
              enable_categorical=False, eval_metric=None, feature_types=None,
              gamma=None, gpu_id=None, grow_policy=None, importance_type=None,
              interaction_constraints=None, learning_rate=None, max_bin=None,
              max_cat_threshold=None, max_cat_to_onehot=None,
              max_delta_step=None, max_depth=None, max_leaves=None,
              min_child_weight=None, missing=nan, monotone_constraints=None,
              n_estimators=100, n_jobs=None, num_parallel_tree=None,
              predictor=None, random_state=941622181, ...)",{},{},20.382216215133667,0.9484126984126984,0.9484126984126984,0.9302325581395349,0.9302325581395349
Shapicant,"XGBRegressor(base_score=None, booster=None, callbacks=None,
             colsample_bylevel=None, colsample_bynode=None,
             colsample_bytree=None, early_stopping_rounds=None,
             enable_categorical=False, eval_metric=None, feature_types=None,
             gamma=None, gpu_id=None, grow_policy=None, importance_type=None,
             interaction_constraints=None, learning_rate=None, max_bin=None,
             max_cat_threshold=None, max_cat_to_onehot=None,
             max_delta_step=None, max_depth=None, max_leaves=None,
             min_child_weight=None, missing=nan, monotone_constraints=None,
             n_estimators=100, n_jobs=None, num_parallel_tree=None,
             predictor=None, random_state=755207282, ...)",{},{},31.674293041229248,0.9484126984126984,0.9656084656084656,0.9302325581395349,0.953125
Shapicant,LogisticRegression(),{},{},,,,,
Shapicant,LogisticRegression(max_iter=1000),{},{},,,,,
BorutaShap,RandomForestClassifier(n_estimators=10),"{'n_trials': 50, 'sample': False, 'train_or_test': 'test', 'normalize': True, 'verbose': True}",{},1.2025675773620605,0.9484126984126984,0.9702380952380952,0.9302325581395349,0.9606299212598425
BorutaShap,RandomForestClassifier(n_estimators=10),"{'n_trials': 100, 'sample': False, 'train_or_test': 'test', 'normalize': True, 'verbose': True}",{},1.188500165939331,0.9484126984126984,0.9702380952380952,0.9302325581395349,0.9606299212598425
BorutaShap,RandomForestClassifier(n_estimators=10),"{'n_trials': 50, 'sample': False, 'train_or_test': 'train', 'normalize': True, 'verbose': True}",{},1.229698657989502,0.9484126984126984,0.9702380952380952,0.9302325581395349,0.9606299212598425
BorutaShap,RandomForestClassifier(n_estimators=10),"{'n_trials': 100, 'sample': False, 'train_or_test': 'train', 'normalize': True, 'verbose': True}",{},1.228966474533081,0.9484126984126984,0.9702380952380952,0.9302325581395349,0.9606299212598425
BorutaShap,RandomForestClassifier(n_estimators=50),"{'n_trials': 50, 'sample': False, 'train_or_test': 'test', 'normalize': True, 'verbose': True}",{},4.327462911605835,0.9484126984126984,0.9517195767195767,0.9302325581395349,0.9312977099236641
BorutaShap,RandomForestClassifier(n_estimators=50),"{'n_trials': 100, 'sample': False, 'train_or_test': 'test', 'normalize': True, 'verbose': True}",{},4.35116720199585,0.9484126984126984,0.9517195767195767,0.9302325581395349,0.9312977099236641
BorutaShap,RandomForestClassifier(n_estimators=50),"{'n_trials': 50, 'sample': False, 'train_or_test': 'train', 'normalize': True, 'verbose': True}",{},4.466107368469238,0.9484126984126984,0.9517195767195767,0.9302325581395349,0.9312977099236641
BorutaShap,RandomForestClassifier(n_estimators=50),"{'n_trials': 100, 'sample': False, 'train_or_test': 'train', 'normalize': True, 'verbose': True}",{},4.353771924972534,0.9484126984126984,0.9517195767195767,0.9302325581395349,0.9312977099236641
BorutaShap,RandomForestClassifier(),"{'n_trials': 50, 'sample': False, 'train_or_test': 'test', 'normalize': True, 'verbose': True}",{},8.22670865058899,0.9484126984126984,0.953042328042328,0.9302325581395349,0.9375
BorutaShap,RandomForestClassifier(),"{'n_trials': 100, 'sample': False, 'train_or_test': 'test', 'normalize': True, 'verbose': True}",{},8.332505702972412,0.9484126984126984,0.953042328042328,0.9302325581395349,0.9375
BorutaShap,RandomForestClassifier(),"{'n_trials': 50, 'sample': False, 'train_or_test': 'train', 'normalize': True, 'verbose': True}",{},8.275485038757324,0.9484126984126984,0.953042328042328,0.9302325581395349,0.9375
BorutaShap,RandomForestClassifier(),"{'n_trials': 100, 'sample': False, 'train_or_test': 'train', 'normalize': True, 'verbose': True}",{},8.31536602973938,0.9484126984126984,0.953042328042328,0.9302325581395349,0.9375
BorutaShap,RandomForestRegressor(n_estimators=10),"{'n_trials': 50, 'sample': False, 'train_or_test': 'test', 'normalize': True, 'verbose': True}",{},2.175117254257202,0.9484126984126984,0.953042328042328,0.9302325581395349,0.9375
BorutaShap,RandomForestRegressor(n_estimators=10),"{'n_trials': 100, 'sample': False, 'train_or_test': 'test', 'normalize': True, 'verbose': True}",{},2.2110860347747803,0.9484126984126984,0.953042328042328,0.9302325581395349,0.9375
BorutaShap,RandomForestRegressor(n_estimators=10),"{'n_trials': 50, 'sample': False, 'train_or_test': 'train', 'normalize': True, 'verbose': True}",{},2.210949659347534,0.9484126984126984,0.953042328042328,0.9302325581395349,0.9375
BorutaShap,RandomForestRegressor(n_estimators=10),"{'n_trials': 100, 'sample': False, 'train_or_test': 'train', 'normalize': True, 'verbose': True}",{},2.2235794067382812,0.9484126984126984,0.953042328042328,0.9302325581395349,0.9375
BorutaShap,RandomForestRegressor(n_estimators=50),"{'n_trials': 50, 'sample': False, 'train_or_test': 'test', 'normalize': True, 'verbose': True}",{},8.745081663131714,0.9484126984126984,0.960978835978836,0.9302325581395349,0.9457364341085271
BorutaShap,RandomForestRegressor(n_estimators=50),"{'n_trials': 100, 'sample': False, 'train_or_test': 'test', 'normalize': True, 'verbose': True}",{},8.682487726211548,0.9484126984126984,0.960978835978836,0.9302325581395349,0.9457364341085271
BorutaShap,RandomForestRegressor(n_estimators=50),"{'n_trials': 50, 'sample': False, 'train_or_test': 'train', 'normalize': True, 'verbose': True}",{},8.641096830368042,0.9484126984126984,0.960978835978836,0.9302325581395349,0.9457364341085271
BorutaShap,RandomForestRegressor(n_estimators=50),"{'n_trials': 100, 'sample': False, 'train_or_test': 'train', 'normalize': True, 'verbose': True}",{},8.656539678573608,0.9484126984126984,0.960978835978836,0.9302325581395349,0.9457364341085271
BorutaShap,RandomForestRegressor(),"{'n_trials': 50, 'sample': False, 'train_or_test': 'test', 'normalize': True, 'verbose': True}",{},16.716280937194824,0.9484126984126984,0.960978835978836,0.9302325581395349,0.9457364341085271
BorutaShap,RandomForestRegressor(),"{'n_trials': 100, 'sample': False, 'train_or_test': 'test', 'normalize': True, 'verbose': True}",{},17.01035165786743,0.9484126984126984,0.960978835978836,0.9302325581395349,0.9457364341085271
BorutaShap,RandomForestRegressor(),"{'n_trials': 50, 'sample': False, 'train_or_test': 'train', 'normalize': True, 'verbose': True}",{},16.998724222183228,0.9484126984126984,0.960978835978836,0.9302325581395349,0.9457364341085271
BorutaShap,RandomForestRegressor(),"{'n_trials': 100, 'sample': False, 'train_or_test': 'train', 'normalize': True, 'verbose': True}",{},16.901108264923096,0.9484126984126984,0.960978835978836,0.9302325581395349,0.9457364341085271
BorutaShap,<catboost.core.CatBoostClassifier object at 0x0000020D54C15F10>,"{'n_trials': 50, 'sample': False, 'train_or_test': 'test', 'normalize': True, 'verbose': True}",{},,,,,
BorutaShap,<catboost.core.CatBoostClassifier object at 0x0000020D54C15F10>,"{'n_trials': 100, 'sample': False, 'train_or_test': 'test', 'normalize': True, 'verbose': True}",{},,,,,
BorutaShap,<catboost.core.CatBoostClassifier object at 0x0000020D54C15F10>,"{'n_trials': 50, 'sample': False, 'train_or_test': 'train', 'normalize': True, 'verbose': True}",{},,,,,
BorutaShap,<catboost.core.CatBoostClassifier object at 0x0000020D54C15F10>,"{'n_trials': 100, 'sample': False, 'train_or_test': 'train', 'normalize': True, 'verbose': True}",{},,,,,
BorutaShap,<catboost.core.CatBoostClassifier object at 0x0000020D54C15F70>,"{'n_trials': 50, 'sample': False, 'train_or_test': 'test', 'normalize': True, 'verbose': True}",{},,,,,
BorutaShap,<catboost.core.CatBoostClassifier object at 0x0000020D54C15F70>,"{'n_trials': 100, 'sample': False, 'train_or_test': 'test', 'normalize': True, 'verbose': True}",{},,,,,
BorutaShap,<catboost.core.CatBoostClassifier object at 0x0000020D54C15F70>,"{'n_trials': 50, 'sample': False, 'train_or_test': 'train', 'normalize': True, 'verbose': True}",{},,,,,
BorutaShap,<catboost.core.CatBoostClassifier object at 0x0000020D54C15F70>,"{'n_trials': 100, 'sample': False, 'train_or_test': 'train', 'normalize': True, 'verbose': True}",{},,,,,
BorutaShap,<catboost.core.CatBoostClassifier object at 0x0000020D54C15FD0>,"{'n_trials': 50, 'sample': False, 'train_or_test': 'test', 'normalize': True, 'verbose': True}",{},,,,,
BorutaShap,<catboost.core.CatBoostClassifier object at 0x0000020D54C15FD0>,"{'n_trials': 100, 'sample': False, 'train_or_test': 'test', 'normalize': True, 'verbose': True}",{},,,,,
BorutaShap,<catboost.core.CatBoostClassifier object at 0x0000020D54C15FD0>,"{'n_trials': 50, 'sample': False, 'train_or_test': 'train', 'normalize': True, 'verbose': True}",{},,,,,
BorutaShap,<catboost.core.CatBoostClassifier object at 0x0000020D54C15FD0>,"{'n_trials': 100, 'sample': False, 'train_or_test': 'train', 'normalize': True, 'verbose': True}",{},,,,,
BorutaShap,<catboost.core.CatBoostClassifier object at 0x0000020D54C20070>,"{'n_trials': 50, 'sample': False, 'train_or_test': 'test', 'normalize': True, 'verbose': True}",{},,,,,
BorutaShap,<catboost.core.CatBoostClassifier object at 0x0000020D54C20070>,"{'n_trials': 100, 'sample': False, 'train_or_test': 'test', 'normalize': True, 'verbose': True}",{},,,,,
BorutaShap,<catboost.core.CatBoostClassifier object at 0x0000020D54C20070>,"{'n_trials': 50, 'sample': False, 'train_or_test': 'train', 'normalize': True, 'verbose': True}",{},,,,,
BorutaShap,<catboost.core.CatBoostClassifier object at 0x0000020D54C20070>,"{'n_trials': 100, 'sample': False, 'train_or_test': 'train', 'normalize': True, 'verbose': True}",{},,,,,
BorutaShap,<catboost.core.CatBoostClassifier object at 0x0000020D54C200D0>,"{'n_trials': 50, 'sample': False, 'train_or_test': 'test', 'normalize': True, 'verbose': True}",{},,,,,
BorutaShap,<catboost.core.CatBoostClassifier object at 0x0000020D54C200D0>,"{'n_trials': 100, 'sample': False, 'train_or_test': 'test', 'normalize': True, 'verbose': True}",{},,,,,
BorutaShap,<catboost.core.CatBoostClassifier object at 0x0000020D54C200D0>,"{'n_trials': 50, 'sample': False, 'train_or_test': 'train', 'normalize': True, 'verbose': True}",{},,,,,
BorutaShap,<catboost.core.CatBoostClassifier object at 0x0000020D54C200D0>,"{'n_trials': 100, 'sample': False, 'train_or_test': 'train', 'normalize': True, 'verbose': True}",{},,,,,
BorutaShap,<catboost.core.CatBoostClassifier object at 0x0000020D54C20130>,"{'n_trials': 50, 'sample': False, 'train_or_test': 'test', 'normalize': True, 'verbose': True}",{},,,,,
BorutaShap,<catboost.core.CatBoostClassifier object at 0x0000020D54C20130>,"{'n_trials': 100, 'sample': False, 'train_or_test': 'test', 'normalize': True, 'verbose': True}",{},,,,,
BorutaShap,<catboost.core.CatBoostClassifier object at 0x0000020D54C20130>,"{'n_trials': 50, 'sample': False, 'train_or_test': 'train', 'normalize': True, 'verbose': True}",{},,,,,
BorutaShap,<catboost.core.CatBoostClassifier object at 0x0000020D54C20130>,"{'n_trials': 100, 'sample': False, 'train_or_test': 'train', 'normalize': True, 'verbose': True}",{},,,,,
BorutaShap,<catboost.core.CatBoostRegressor object at 0x0000020D54C20190>,"{'n_trials': 50, 'sample': False, 'train_or_test': 'test', 'normalize': True, 'verbose': True}",{},,,,,
BorutaShap,<catboost.core.CatBoostRegressor object at 0x0000020D54C20190>,"{'n_trials': 100, 'sample': False, 'train_or_test': 'test', 'normalize': True, 'verbose': True}",{},,,,,
BorutaShap,<catboost.core.CatBoostRegressor object at 0x0000020D54C20190>,"{'n_trials': 50, 'sample': False, 'train_or_test': 'train', 'normalize': True, 'verbose': True}",{},,,,,
BorutaShap,<catboost.core.CatBoostRegressor object at 0x0000020D54C20190>,"{'n_trials': 100, 'sample': False, 'train_or_test': 'train', 'normalize': True, 'verbose': True}",{},,,,,
BorutaShap,<catboost.core.CatBoostRegressor object at 0x0000020D54C201F0>,"{'n_trials': 50, 'sample': False, 'train_or_test': 'test', 'normalize': True, 'verbose': True}",{},,,,,
BorutaShap,<catboost.core.CatBoostRegressor object at 0x0000020D54C201F0>,"{'n_trials': 100, 'sample': False, 'train_or_test': 'test', 'normalize': True, 'verbose': True}",{},,,,,
BorutaShap,<catboost.core.CatBoostRegressor object at 0x0000020D54C201F0>,"{'n_trials': 50, 'sample': False, 'train_or_test': 'train', 'normalize': True, 'verbose': True}",{},,,,,
BorutaShap,<catboost.core.CatBoostRegressor object at 0x0000020D54C201F0>,"{'n_trials': 100, 'sample': False, 'train_or_test': 'train', 'normalize': True, 'verbose': True}",{},,,,,
BorutaShap,<catboost.core.CatBoostRegressor object at 0x0000020D54C20250>,"{'n_trials': 50, 'sample': False, 'train_or_test': 'test', 'normalize': True, 'verbose': True}",{},,,,,
BorutaShap,<catboost.core.CatBoostRegressor object at 0x0000020D54C20250>,"{'n_trials': 100, 'sample': False, 'train_or_test': 'test', 'normalize': True, 'verbose': True}",{},,,,,
BorutaShap,<catboost.core.CatBoostRegressor object at 0x0000020D54C20250>,"{'n_trials': 50, 'sample': False, 'train_or_test': 'train', 'normalize': True, 'verbose': True}",{},,,,,
BorutaShap,<catboost.core.CatBoostRegressor object at 0x0000020D54C20250>,"{'n_trials': 100, 'sample': False, 'train_or_test': 'train', 'normalize': True, 'verbose': True}",{},,,,,
BorutaShap,<catboost.core.CatBoostRegressor object at 0x0000020D54C202B0>,"{'n_trials': 50, 'sample': False, 'train_or_test': 'test', 'normalize': True, 'verbose': True}",{},,,,,
BorutaShap,<catboost.core.CatBoostRegressor object at 0x0000020D54C202B0>,"{'n_trials': 100, 'sample': False, 'train_or_test': 'test', 'normalize': True, 'verbose': True}",{},,,,,
BorutaShap,<catboost.core.CatBoostRegressor object at 0x0000020D54C202B0>,"{'n_trials': 50, 'sample': False, 'train_or_test': 'train', 'normalize': True, 'verbose': True}",{},,,,,
BorutaShap,<catboost.core.CatBoostRegressor object at 0x0000020D54C202B0>,"{'n_trials': 100, 'sample': False, 'train_or_test': 'train', 'normalize': True, 'verbose': True}",{},,,,,
BorutaShap,<catboost.core.CatBoostRegressor object at 0x0000020D54C20310>,"{'n_trials': 50, 'sample': False, 'train_or_test': 'test', 'normalize': True, 'verbose': True}",{},,,,,
BorutaShap,<catboost.core.CatBoostRegressor object at 0x0000020D54C20310>,"{'n_trials': 100, 'sample': False, 'train_or_test': 'test', 'normalize': True, 'verbose': True}",{},,,,,
BorutaShap,<catboost.core.CatBoostRegressor object at 0x0000020D54C20310>,"{'n_trials': 50, 'sample': False, 'train_or_test': 'train', 'normalize': True, 'verbose': True}",{},,,,,
BorutaShap,<catboost.core.CatBoostRegressor object at 0x0000020D54C20310>,"{'n_trials': 100, 'sample': False, 'train_or_test': 'train', 'normalize': True, 'verbose': True}",{},,,,,
BorutaShap,<catboost.core.CatBoostRegressor object at 0x0000020D54C20370>,"{'n_trials': 50, 'sample': False, 'train_or_test': 'test', 'normalize': True, 'verbose': True}",{},,,,,
BorutaShap,<catboost.core.CatBoostRegressor object at 0x0000020D54C20370>,"{'n_trials': 100, 'sample': False, 'train_or_test': 'test', 'normalize': True, 'verbose': True}",{},,,,,
BorutaShap,<catboost.core.CatBoostRegressor object at 0x0000020D54C20370>,"{'n_trials': 50, 'sample': False, 'train_or_test': 'train', 'normalize': True, 'verbose': True}",{},,,,,
BorutaShap,<catboost.core.CatBoostRegressor object at 0x0000020D54C20370>,"{'n_trials': 100, 'sample': False, 'train_or_test': 'train', 'normalize': True, 'verbose': True}",{},,,,,
BorutaShap,DecisionTreeClassifier(),"{'n_trials': 50, 'sample': False, 'train_or_test': 'test', 'normalize': True, 'verbose': True}",{},0.5416522026062012,0.9484126984126984,0.9312169312169312,0.9302325581395349,0.9076923076923077
BorutaShap,DecisionTreeClassifier(),"{'n_trials': 100, 'sample': False, 'train_or_test': 'test', 'normalize': True, 'verbose': True}",{},0.545997142791748,0.9484126984126984,0.9312169312169312,0.9302325581395349,0.9076923076923077
BorutaShap,DecisionTreeClassifier(),"{'n_trials': 50, 'sample': False, 'train_or_test': 'train', 'normalize': True, 'verbose': True}",{},0.551292896270752,0.9484126984126984,0.9312169312169312,0.9302325581395349,0.9076923076923077
BorutaShap,DecisionTreeClassifier(),"{'n_trials': 100, 'sample': False, 'train_or_test': 'train', 'normalize': True, 'verbose': True}",{},0.5462541580200195,0.9484126984126984,0.9312169312169312,0.9302325581395349,0.9076923076923077
BorutaShap,"DecisionTreeClassifier(max_depth=1, max_leaf_nodes=3)","{'n_trials': 50, 'sample': False, 'train_or_test': 'test', 'normalize': True, 'verbose': True}",{},0.39089417457580566,0.9484126984126984,0.8994708994708995,0.9302325581395349,0.8730158730158731
BorutaShap,"DecisionTreeClassifier(max_depth=1, max_leaf_nodes=3)","{'n_trials': 100, 'sample': False, 'train_or_test': 'test', 'normalize': True, 'verbose': True}",{},0.39450860023498535,0.9484126984126984,0.8994708994708995,0.9302325581395349,0.8730158730158731
BorutaShap,"DecisionTreeClassifier(max_depth=1, max_leaf_nodes=3)","{'n_trials': 50, 'sample': False, 'train_or_test': 'train', 'normalize': True, 'verbose': True}",{},0.3958258628845215,0.9484126984126984,0.8994708994708995,0.9302325581395349,0.8730158730158731
BorutaShap,"DecisionTreeClassifier(max_depth=1, max_leaf_nodes=3)","{'n_trials': 100, 'sample': False, 'train_or_test': 'train', 'normalize': True, 'verbose': True}",{},0.39602088928222656,0.9484126984126984,0.8994708994708995,0.9302325581395349,0.8730158730158731
BorutaShap,"DecisionTreeClassifier(max_depth=10, max_leaf_nodes=5)","{'n_trials': 50, 'sample': False, 'train_or_test': 'test', 'normalize': True, 'verbose': True}",{},0.43736910820007324,0.9484126984126984,0.9312169312169312,0.9302325581395349,0.9076923076923077
BorutaShap,"DecisionTreeClassifier(max_depth=10, max_leaf_nodes=5)","{'n_trials': 100, 'sample': False, 'train_or_test': 'test', 'normalize': True, 'verbose': True}",{},0.44703221321105957,0.9484126984126984,0.9312169312169312,0.9302325581395349,0.9076923076923077
BorutaShap,"DecisionTreeClassifier(max_depth=10, max_leaf_nodes=5)","{'n_trials': 50, 'sample': False, 'train_or_test': 'train', 'normalize': True, 'verbose': True}",{},0.440049409866333,0.9484126984126984,0.9312169312169312,0.9302325581395349,0.9076923076923077
BorutaShap,"DecisionTreeClassifier(max_depth=10, max_leaf_nodes=5)","{'n_trials': 100, 'sample': False, 'train_or_test': 'train', 'normalize': True, 'verbose': True}",{},0.44557857513427734,0.9484126984126984,0.9312169312169312,0.9302325581395349,0.9076923076923077
BorutaShap,DecisionTreeRegressor(),"{'n_trials': 50, 'sample': False, 'train_or_test': 'test', 'normalize': True, 'verbose': True}",{},0.520050048828125,0.9484126984126984,0.9312169312169312,0.9302325581395349,0.9076923076923077
BorutaShap,DecisionTreeRegressor(),"{'n_trials': 100, 'sample': False, 'train_or_test': 'test', 'normalize': True, 'verbose': True}",{},0.5188267230987549,0.9484126984126984,0.9312169312169312,0.9302325581395349,0.9076923076923077
BorutaShap,DecisionTreeRegressor(),"{'n_trials': 50, 'sample': False, 'train_or_test': 'train', 'normalize': True, 'verbose': True}",{},0.5243020057678223,0.9484126984126984,0.9312169312169312,0.9302325581395349,0.9076923076923077
BorutaShap,DecisionTreeRegressor(),"{'n_trials': 100, 'sample': False, 'train_or_test': 'train', 'normalize': True, 'verbose': True}",{},0.5265862941741943,0.9484126984126984,0.9312169312169312,0.9302325581395349,0.9076923076923077
BorutaShap,"DecisionTreeRegressor(max_depth=1, max_leaf_nodes=3)","{'n_trials': 50, 'sample': False, 'train_or_test': 'test', 'normalize': True, 'verbose': True}",{},0.38490867614746094,0.9484126984126984,0.8994708994708995,0.9302325581395349,0.8730158730158731
BorutaShap,"DecisionTreeRegressor(max_depth=1, max_leaf_nodes=3)","{'n_trials': 100, 'sample': False, 'train_or_test': 'test', 'normalize': True, 'verbose': True}",{},0.37729573249816895,0.9484126984126984,0.8994708994708995,0.9302325581395349,0.8730158730158731
BorutaShap,"DecisionTreeRegressor(max_depth=1, max_leaf_nodes=3)","{'n_trials': 50, 'sample': False, 'train_or_test': 'train', 'normalize': True, 'verbose': True}",{},0.38044142723083496,0.9484126984126984,0.8994708994708995,0.9302325581395349,0.8730158730158731
BorutaShap,"DecisionTreeRegressor(max_depth=1, max_leaf_nodes=3)","{'n_trials': 100, 'sample': False, 'train_or_test': 'train', 'normalize': True, 'verbose': True}",{},0.3824799060821533,0.9484126984126984,0.8994708994708995,0.9302325581395349,0.8730158730158731
BorutaShap,"DecisionTreeRegressor(max_depth=10, max_leaf_nodes=5)","{'n_trials': 50, 'sample': False, 'train_or_test': 'test', 'normalize': True, 'verbose': True}",{},0.4246835708618164,0.9484126984126984,0.9312169312169312,0.9302325581395349,0.9076923076923077
BorutaShap,"DecisionTreeRegressor(max_depth=10, max_leaf_nodes=5)","{'n_trials': 100, 'sample': False, 'train_or_test': 'test', 'normalize': True, 'verbose': True}",{},0.4252450466156006,0.9484126984126984,0.9312169312169312,0.9302325581395349,0.9076923076923077
BorutaShap,"DecisionTreeRegressor(max_depth=10, max_leaf_nodes=5)","{'n_trials': 50, 'sample': False, 'train_or_test': 'train', 'normalize': True, 'verbose': True}",{},0.4254724979400635,0.9484126984126984,0.9312169312169312,0.9302325581395349,0.9076923076923077
BorutaShap,"DecisionTreeRegressor(max_depth=10, max_leaf_nodes=5)","{'n_trials': 100, 'sample': False, 'train_or_test': 'train', 'normalize': True, 'verbose': True}",{},0.42110753059387207,0.9484126984126984,0.9312169312169312,0.9302325581395349,0.9076923076923077
BorutaShap,"XGBClassifier(base_score=None, booster=None, callbacks=None,
              colsample_bylevel=None, colsample_bynode=None,
              colsample_bytree=None, early_stopping_rounds=None,
              enable_categorical=False, eval_metric=None, feature_types=None,
              gamma=None, gpu_id=None, grow_policy=None, importance_type=None,
              interaction_constraints=None, learning_rate=None, max_bin=None,
              max_cat_threshold=None, max_cat_to_onehot=None,
              max_delta_step=None, max_depth=None, max_leaves=None,
              min_child_weight=None, missing=nan, monotone_constraints=None,
              n_estimators=100, n_jobs=None, num_parallel_tree=None,
              predictor=None, random_state=505993390, ...)","{'n_trials': 50, 'sample': False, 'train_or_test': 'test', 'normalize': True, 'verbose': True}",{},2.017784357070923,0.9484126984126984,0.9576719576719577,0.9302325581395349,0.9448818897637795
BorutaShap,"XGBClassifier(base_score=None, booster=None, callbacks=None,
              colsample_bylevel=None, colsample_bynode=None,
              colsample_bytree=None, early_stopping_rounds=None,
              enable_categorical=False, eval_metric=None, feature_types=None,
              gamma=None, gpu_id=None, grow_policy=None, importance_type=None,
              interaction_constraints=None, learning_rate=None, max_bin=None,
              max_cat_threshold=None, max_cat_to_onehot=None,
              max_delta_step=None, max_depth=None, max_leaves=None,
              min_child_weight=None, missing=nan, monotone_constraints=None,
              n_estimators=100, n_jobs=None, num_parallel_tree=None,
              predictor=None, random_state=505993390, ...)","{'n_trials': 100, 'sample': False, 'train_or_test': 'test', 'normalize': True, 'verbose': True}",{},2.0706164836883545,0.9484126984126984,0.9576719576719577,0.9302325581395349,0.9448818897637795
BorutaShap,"XGBClassifier(base_score=None, booster=None, callbacks=None,
              colsample_bylevel=None, colsample_bynode=None,
              colsample_bytree=None, early_stopping_rounds=None,
              enable_categorical=False, eval_metric=None, feature_types=None,
              gamma=None, gpu_id=None, grow_policy=None, importance_type=None,
              interaction_constraints=None, learning_rate=None, max_bin=None,
              max_cat_threshold=None, max_cat_to_onehot=None,
              max_delta_step=None, max_depth=None, max_leaves=None,
              min_child_weight=None, missing=nan, monotone_constraints=None,
              n_estimators=100, n_jobs=None, num_parallel_tree=None,
              predictor=None, random_state=505993390, ...)","{'n_trials': 50, 'sample': False, 'train_or_test': 'train', 'normalize': True, 'verbose': True}",{},2.047023057937622,0.9484126984126984,0.9576719576719577,0.9302325581395349,0.9448818897637795
BorutaShap,"XGBClassifier(base_score=None, booster=None, callbacks=None,
              colsample_bylevel=None, colsample_bynode=None,
              colsample_bytree=None, early_stopping_rounds=None,
              enable_categorical=False, eval_metric=None, feature_types=None,
              gamma=None, gpu_id=None, grow_policy=None, importance_type=None,
              interaction_constraints=None, learning_rate=None, max_bin=None,
              max_cat_threshold=None, max_cat_to_onehot=None,
              max_delta_step=None, max_depth=None, max_leaves=None,
              min_child_weight=None, missing=nan, monotone_constraints=None,
              n_estimators=100, n_jobs=None, num_parallel_tree=None,
              predictor=None, random_state=505993390, ...)","{'n_trials': 100, 'sample': False, 'train_or_test': 'train', 'normalize': True, 'verbose': True}",{},2.065246105194092,0.9484126984126984,0.9576719576719577,0.9302325581395349,0.9448818897637795
BorutaShap,"XGBRegressor(base_score=None, booster=None, callbacks=None,
             colsample_bylevel=None, colsample_bynode=None,
             colsample_bytree=None, early_stopping_rounds=None,
             enable_categorical=False, eval_metric=None, feature_types=None,
             gamma=None, gpu_id=None, grow_policy=None, importance_type=None,
             interaction_constraints=None, learning_rate=None, max_bin=None,
             max_cat_threshold=None, max_cat_to_onehot=None,
             max_delta_step=None, max_depth=None, max_leaves=None,
             min_child_weight=None, missing=nan, monotone_constraints=None,
             n_estimators=100, n_jobs=None, num_parallel_tree=None,
             predictor=None, random_state=610371724, ...)","{'n_trials': 50, 'sample': False, 'train_or_test': 'test', 'normalize': True, 'verbose': True}",{},3.3565971851348877,0.9484126984126984,0.9576719576719577,0.9302325581395349,0.9448818897637795
BorutaShap,"XGBRegressor(base_score=None, booster=None, callbacks=None,
             colsample_bylevel=None, colsample_bynode=None,
             colsample_bytree=None, early_stopping_rounds=None,
             enable_categorical=False, eval_metric=None, feature_types=None,
             gamma=None, gpu_id=None, grow_policy=None, importance_type=None,
             interaction_constraints=None, learning_rate=None, max_bin=None,
             max_cat_threshold=None, max_cat_to_onehot=None,
             max_delta_step=None, max_depth=None, max_leaves=None,
             min_child_weight=None, missing=nan, monotone_constraints=None,
             n_estimators=100, n_jobs=None, num_parallel_tree=None,
             predictor=None, random_state=610371724, ...)","{'n_trials': 100, 'sample': False, 'train_or_test': 'test', 'normalize': True, 'verbose': True}",{},3.4653584957122803,0.9484126984126984,0.9576719576719577,0.9302325581395349,0.9448818897637795
BorutaShap,"XGBRegressor(base_score=None, booster=None, callbacks=None,
             colsample_bylevel=None, colsample_bynode=None,
             colsample_bytree=None, early_stopping_rounds=None,
             enable_categorical=False, eval_metric=None, feature_types=None,
             gamma=None, gpu_id=None, grow_policy=None, importance_type=None,
             interaction_constraints=None, learning_rate=None, max_bin=None,
             max_cat_threshold=None, max_cat_to_onehot=None,
             max_delta_step=None, max_depth=None, max_leaves=None,
             min_child_weight=None, missing=nan, monotone_constraints=None,
             n_estimators=100, n_jobs=None, num_parallel_tree=None,
             predictor=None, random_state=610371724, ...)","{'n_trials': 50, 'sample': False, 'train_or_test': 'train', 'normalize': True, 'verbose': True}",{},3.5371172428131104,0.9484126984126984,0.9576719576719577,0.9302325581395349,0.9448818897637795
BorutaShap,"XGBRegressor(base_score=None, booster=None, callbacks=None,
             colsample_bylevel=None, colsample_bynode=None,
             colsample_bytree=None, early_stopping_rounds=None,
             enable_categorical=False, eval_metric=None, feature_types=None,
             gamma=None, gpu_id=None, grow_policy=None, importance_type=None,
             interaction_constraints=None, learning_rate=None, max_bin=None,
             max_cat_threshold=None, max_cat_to_onehot=None,
             max_delta_step=None, max_depth=None, max_leaves=None,
             min_child_weight=None, missing=nan, monotone_constraints=None,
             n_estimators=100, n_jobs=None, num_parallel_tree=None,
             predictor=None, random_state=610371724, ...)","{'n_trials': 100, 'sample': False, 'train_or_test': 'train', 'normalize': True, 'verbose': True}",{},3.479163408279419,0.9484126984126984,0.9576719576719577,0.9302325581395349,0.9448818897637795
BorutaShap,LogisticRegression(),"{'n_trials': 50, 'sample': False, 'train_or_test': 'test', 'normalize': True, 'verbose': True}",{},,,,,
BorutaShap,LogisticRegression(),"{'n_trials': 100, 'sample': False, 'train_or_test': 'test', 'normalize': True, 'verbose': True}",{},,,,,
BorutaShap,LogisticRegression(),"{'n_trials': 50, 'sample': False, 'train_or_test': 'train', 'normalize': True, 'verbose': True}",{},,,,,
BorutaShap,LogisticRegression(),"{'n_trials': 100, 'sample': False, 'train_or_test': 'train', 'normalize': True, 'verbose': True}",{},,,,,
BorutaShap,LogisticRegression(max_iter=1000),"{'n_trials': 50, 'sample': False, 'train_or_test': 'test', 'normalize': True, 'verbose': True}",{},,,,,
BorutaShap,LogisticRegression(max_iter=1000),"{'n_trials': 100, 'sample': False, 'train_or_test': 'test', 'normalize': True, 'verbose': True}",{},,,,,
BorutaShap,LogisticRegression(max_iter=1000),"{'n_trials': 50, 'sample': False, 'train_or_test': 'train', 'normalize': True, 'verbose': True}",{},,,,,
BorutaShap,LogisticRegression(max_iter=1000),"{'n_trials': 100, 'sample': False, 'train_or_test': 'train', 'normalize': True, 'verbose': True}",{},,,,,
PowerShap,RandomForestClassifier(n_estimators=10),{},{},0.5879476070404053,0.9484126984126984,0.9702380952380952,0.9302325581395349,0.9606299212598425
PowerShap,RandomForestClassifier(n_estimators=50),{},{},1.4815287590026855,0.9484126984126984,0.953042328042328,0.9302325581395349,0.9375
PowerShap,RandomForestClassifier(),{},{},4.162733793258667,0.9484126984126984,0.960978835978836,0.9302325581395349,0.9457364341085271
PowerShap,RandomForestRegressor(n_estimators=10),{},{},0.6592099666595459,0.9484126984126984,0.9451058201058201,0.9302325581395349,0.9291338582677166
PowerShap,RandomForestRegressor(n_estimators=50),{},{},3.0208261013031006,0.9484126984126984,0.953042328042328,0.9302325581395349,0.9375
PowerShap,RandomForestRegressor(),{},{},5.863018035888672,0.9484126984126984,0.953042328042328,0.9302325581395349,0.9375
PowerShap,<catboost.core.CatBoostClassifier object at 0x0000020D54C15F10>,{},{},,,,,
PowerShap,<catboost.core.CatBoostClassifier object at 0x0000020D54C15F70>,{},{},,,,,
PowerShap,<catboost.core.CatBoostClassifier object at 0x0000020D54C15FD0>,{},{},,,,,
PowerShap,<catboost.core.CatBoostClassifier object at 0x0000020D54C20070>,{},{},,,,,
PowerShap,<catboost.core.CatBoostClassifier object at 0x0000020D54C200D0>,{},{},,,,,
PowerShap,<catboost.core.CatBoostClassifier object at 0x0000020D54C20130>,{},{},,,,,
PowerShap,<catboost.core.CatBoostRegressor object at 0x0000020D54C20190>,{},{},,,,,
PowerShap,<catboost.core.CatBoostRegressor object at 0x0000020D54C201F0>,{},{},,,,,
PowerShap,<catboost.core.CatBoostRegressor object at 0x0000020D54C20250>,{},{},,,,,
PowerShap,<catboost.core.CatBoostRegressor object at 0x0000020D54C202B0>,{},{},,,,,
PowerShap,<catboost.core.CatBoostRegressor object at 0x0000020D54C20310>,{},{},,,,,
PowerShap,<catboost.core.CatBoostRegressor object at 0x0000020D54C20370>,{},{},,,,,
PowerShap,DecisionTreeClassifier(),{},{},,,,,
PowerShap,"DecisionTreeClassifier(max_depth=1, max_leaf_nodes=3)",{},{},,,,,
PowerShap,"DecisionTreeClassifier(max_depth=10, max_leaf_nodes=5)",{},{},,,,,
PowerShap,DecisionTreeRegressor(),{},{},,,,,
PowerShap,"DecisionTreeRegressor(max_depth=1, max_leaf_nodes=3)",{},{},,,,,
PowerShap,"DecisionTreeRegressor(max_depth=10, max_leaf_nodes=5)",{},{},,,,,
PowerShap,"XGBClassifier(base_score=None, booster=None, callbacks=None,
              colsample_bylevel=None, colsample_bynode=None,
              colsample_bytree=None, early_stopping_rounds=None,
              enable_categorical=False, eval_metric=None, feature_types=None,
              gamma=None, gpu_id=None, grow_policy=None, importance_type=None,
              interaction_constraints=None, learning_rate=None, max_bin=None,
              max_cat_threshold=None, max_cat_to_onehot=None,
              max_delta_step=None, max_depth=None, max_leaves=None,
              min_child_weight=None, missing=nan, monotone_constraints=None,
              n_estimators=100, n_jobs=None, num_parallel_tree=None,
              predictor=None, random_state=2040459847, ...)",{},{},0.7604720592498779,0.9484126984126984,0.9417989417989417,0.9302325581395349,0.9279999999999999
PowerShap,"XGBRegressor(base_score=None, booster=None, callbacks=None,
             colsample_bylevel=None, colsample_bynode=None,
             colsample_bytree=None, early_stopping_rounds=None,
             enable_categorical=False, eval_metric=None, feature_types=None,
             gamma=None, gpu_id=None, grow_policy=None, importance_type=None,
             interaction_constraints=None, learning_rate=None, max_bin=None,
             max_cat_threshold=None, max_cat_to_onehot=None,
             max_delta_step=None, max_depth=None, max_leaves=None,
             min_child_weight=None, missing=nan, monotone_constraints=None,
             n_estimators=100, n_jobs=None, num_parallel_tree=None,
             predictor=None, random_state=23434643, ...)",{},{},2.415724515914917,0.9484126984126984,0.953042328042328,0.9302325581395349,0.9375
PowerShap,LogisticRegression(),{},{},0.5570080280303955,0.9484126984126984,0.9451058201058201,0.9302325581395349,0.9291338582677166
PowerShap,LogisticRegression(max_iter=1000),{},{},2.38863205909729,0.9484126984126984,0.9451058201058201,0.9302325581395349,0.9291338582677166
