Tecnica,Metodo,Modelo,Parametros,Tiempo,Accuracy Todas,Accuracy Aceptadas,F1 score Todas,F1 score Aceptadas,len(rejected),rejected
Chi2,<class 'sklearn.feature_selection._univariate_selection.SelectFdr'>,RandomForestClassifier(n_estimators=10),{},0.027925491333007812,0.6975993506802236,0.7078310047929217,0.5599284436493738,0.5749778172138421,2,"['PhoneService', 'SeniorCitizen']"
Chi2,<class 'sklearn.feature_selection._univariate_selection.SelectFdr'>,RandomForestClassifier(n_estimators=50),{},0.014961004257202148,0.7158920336070529,0.7138391371382385,0.5864793678665496,0.5831157528285464,2,"['PhoneService', 'SeniorCitizen']"
Chi2,<class 'sklearn.feature_selection._univariate_selection.SelectFdr'>,RandomForestClassifier(),{},0.015954971313476562,0.7205864706934455,0.7120969768594929,0.5927209705372617,0.5806451612903226,2,"['PhoneService', 'SeniorCitizen']"
Chi2,<class 'sklearn.feature_selection._univariate_selection.SelectFdr'>,<catboost.core.CatBoostClassifier object at 0x0000019BF5995970>,{},0.01495051383972168,0.7502456457313111,0.7472039402933712,0.6306306306306306,0.6263286999182338,2,"['PhoneService', 'SeniorCitizen']"
Chi2,<class 'sklearn.feature_selection._univariate_selection.SelectFdr'>,<catboost.core.CatBoostClassifier object at 0x0000019BF59959D0>,{},0.013678312301635742,0.7269194893285609,0.7340952879035891,0.6008510638297873,0.6110638297872341,2,"['PhoneService', 'SeniorCitizen']"
Chi2,<class 'sklearn.feature_selection._univariate_selection.SelectFdr'>,<catboost.core.CatBoostClassifier object at 0x0000019BF5995A30>,{},0.014754772186279297,0.7348486392132092,0.7295327297466793,0.6124893071000855,0.6044142614601019,2,"['PhoneService', 'SeniorCitizen']"
Chi2,<class 'sklearn.feature_selection._univariate_selection.SelectFdr'>,DecisionTreeClassifier(),{},0.012965679168701172,0.6748714604940536,0.6654073077907053,0.5271059216013344,0.5138075313807531,2,"['PhoneService', 'SeniorCitizen']"
Chi2,<class 'sklearn.feature_selection._univariate_selection.SelectFdr'>,"DecisionTreeClassifier(max_depth=1, max_leaf_nodes=3)",{},0.013963460922241211,0.7345203568994754,0.7345203568994754,0.5889710062535531,0.5889710062535531,2,"['PhoneService', 'SeniorCitizen']"
Chi2,<class 'sklearn.feature_selection._univariate_selection.SelectFdr'>,"DecisionTreeClassifier(max_depth=10, max_leaf_nodes=5)",{},0.014928102493286133,0.7306064393141842,0.7306064393141842,0.6022364217252396,0.6022364217252396,2,"['PhoneService', 'SeniorCitizen']"
Chi2,<class 'sklearn.feature_selection._univariate_selection.SelectFdr'>,"XGBClassifier(base_score=None, booster=None, callbacks=None,
              colsample_bylevel=None, colsample_bynode=None,
              colsample_bytree=None, early_stopping_rounds=None,
              enable_categorical=False, eval_metric=None, feature_types=None,
              gamma=None, gpu_id=None, grow_policy=None, importance_type=None,
              interaction_constraints=None, learning_rate=None, max_bin=None,
              max_cat_threshold=None, max_cat_to_onehot=None,
              max_delta_step=None, max_depth=None, max_leaves=None,
              min_child_weight=None, missing=nan, monotone_constraints=None,
              n_estimators=100, n_jobs=None, num_parallel_tree=None,
              predictor=None, random_state=42, ...)",{},0.015960693359375,0.7178413513458443,0.7139427158682614,0.589585172109444,0.5834061135371179,2,"['PhoneService', 'SeniorCitizen']"
Chi2,<class 'sklearn.feature_selection._univariate_selection.SelectFdr'>,LogisticRegression(),{},0.021941423416137695,0.7705680189633977,0.7688258586846519,0.6449746926970354,0.6430123099203476,2,"['PhoneService', 'SeniorCitizen']"
Chi2,<class 'sklearn.feature_selection._univariate_selection.SelectFdr'>,LogisticRegression(max_iter=1000),{},0.013962984085083008,0.771100062713242,0.756188121613881,0.646288209606987,0.6289493019838355,2,"['PhoneService', 'SeniorCitizen']"
Chi2,<class 'sklearn.feature_selection._univariate_selection.SelectFpr'>,RandomForestClassifier(n_estimators=10),{},0.015957117080688477,0.6999771334388365,0.7085843561025418,0.5636856368563685,0.576271186440678,2,"['PhoneService', 'SeniorCitizen']"
Chi2,<class 'sklearn.feature_selection._univariate_selection.SelectFpr'>,RandomForestClassifier(n_estimators=50),{},0.013933181762695312,0.7120969768594929,0.7155812974169842,0.5806451612903226,0.5855777584708949,2,"['PhoneService', 'SeniorCitizen']"
Chi2,<class 'sklearn.feature_selection._univariate_selection.SelectFpr'>,RandomForestClassifier(),{},0.014571189880371094,0.7144889097178357,0.7124360132490213,0.5841325196163906,0.5808124459809854,2,"['PhoneService', 'SeniorCitizen']"
Chi2,<class 'sklearn.feature_selection._univariate_selection.SelectFpr'>,<catboost.core.CatBoostClassifier object at 0x0000019BF5995970>,{},0.016577720642089844,0.7502456457313111,0.7472039402933712,0.6306306306306306,0.6263286999182338,2,"['PhoneService', 'SeniorCitizen']"
Chi2,<class 'sklearn.feature_selection._univariate_selection.SelectFpr'>,<catboost.core.CatBoostClassifier object at 0x0000019BF59959D0>,{},0.013962984085083008,0.7269194893285609,0.7340952879035891,0.6008510638297873,0.6110638297872341,2,"['PhoneService', 'SeniorCitizen']"
Chi2,<class 'sklearn.feature_selection._univariate_selection.SelectFpr'>,<catboost.core.CatBoostClassifier object at 0x0000019BF5995A30>,{},0.01495981216430664,0.7348486392132092,0.7295327297466793,0.6124893071000855,0.6044142614601019,2,"['PhoneService', 'SeniorCitizen']"
Chi2,<class 'sklearn.feature_selection._univariate_selection.SelectFpr'>,DecisionTreeClassifier(),{},0.01358342170715332,0.6721546413459122,0.667723962118485,0.5233333333333333,0.5176085176085177,2,"['PhoneService', 'SeniorCitizen']"
Chi2,<class 'sklearn.feature_selection._univariate_selection.SelectFpr'>,"DecisionTreeClassifier(max_depth=1, max_leaf_nodes=3)",{},0.014940023422241211,0.7345203568994754,0.7345203568994754,0.5889710062535531,0.5889710062535531,2,"['PhoneService', 'SeniorCitizen']"
Chi2,<class 'sklearn.feature_selection._univariate_selection.SelectFpr'>,"DecisionTreeClassifier(max_depth=10, max_leaf_nodes=5)",{},0.025469303131103516,0.7306064393141842,0.7306064393141842,0.6022364217252396,0.6022364217252396,2,"['PhoneService', 'SeniorCitizen']"
Chi2,<class 'sklearn.feature_selection._univariate_selection.SelectFpr'>,"XGBClassifier(base_score=None, booster=None, callbacks=None,
              colsample_bylevel=None, colsample_bynode=None,
              colsample_bytree=None, early_stopping_rounds=None,
              enable_categorical=False, eval_metric=None, feature_types=None,
              gamma=None, gpu_id=None, grow_policy=None, importance_type=None,
              interaction_constraints=None, learning_rate=None, max_bin=None,
              max_cat_threshold=None, max_cat_to_onehot=None,
              max_delta_step=None, max_depth=None, max_leaves=None,
              min_child_weight=None, missing=nan, monotone_constraints=None,
              n_estimators=100, n_jobs=None, num_parallel_tree=None,
              predictor=None, random_state=42, ...)",{},0.01495981216430664,0.7178413513458443,0.7139427158682614,0.589585172109444,0.5834061135371179,2,"['PhoneService', 'SeniorCitizen']"
Chi2,<class 'sklearn.feature_selection._univariate_selection.SelectFpr'>,LogisticRegression(),{},0.01894974708557129,0.7705680189633977,0.7688258586846519,0.6449746926970354,0.6430123099203476,2,"['PhoneService', 'SeniorCitizen']"
Chi2,<class 'sklearn.feature_selection._univariate_selection.SelectFpr'>,LogisticRegression(max_iter=1000),{},0.013901948928833008,0.771100062713242,0.756188121613881,0.646288209606987,0.6289493019838355,2,"['PhoneService', 'SeniorCitizen']"
Chi2,<class 'sklearn.feature_selection._univariate_selection.SelectFwe'>,RandomForestClassifier(n_estimators=10),{},0.013963699340820312,0.699548668419015,0.6930084923238539,0.5629496402877698,0.5532302092811646,2,"['PhoneService', 'SeniorCitizen']"
Chi2,<class 'sklearn.feature_selection._univariate_selection.SelectFwe'>,RandomForestClassifier(n_estimators=50),{},0.015125751495361328,0.714842096207094,0.7106938529702758,0.583904109589041,0.5783549783549783,2,"['PhoneService', 'SeniorCitizen']"
Chi2,<class 'sklearn.feature_selection._univariate_selection.SelectFwe'>,RandomForestClassifier(),{},0.015958309173583984,0.713424822218147,0.7088339638617773,0.5819742489270386,0.5759162303664921,2,"['PhoneService', 'SeniorCitizen']"
Chi2,<class 'sklearn.feature_selection._univariate_selection.SelectFwe'>,<catboost.core.CatBoostClassifier object at 0x0000019BF5995970>,{},0.015956401824951172,0.7502456457313111,0.7472039402933712,0.6306306306306306,0.6263286999182338,2,"['PhoneService', 'SeniorCitizen']"
Chi2,<class 'sklearn.feature_selection._univariate_selection.SelectFwe'>,<catboost.core.CatBoostClassifier object at 0x0000019BF59959D0>,{},0.01396322250366211,0.7269194893285609,0.7340952879035891,0.6008510638297873,0.6110638297872341,2,"['PhoneService', 'SeniorCitizen']"
Chi2,<class 'sklearn.feature_selection._univariate_selection.SelectFwe'>,<catboost.core.CatBoostClassifier object at 0x0000019BF5995A30>,{},0.014961004257202148,0.7348486392132092,0.7295327297466793,0.6124893071000855,0.6044142614601019,2,"['PhoneService', 'SeniorCitizen']"
Chi2,<class 'sklearn.feature_selection._univariate_selection.SelectFwe'>,DecisionTreeClassifier(),{},0.013962745666503906,0.6708550961867179,0.6610660571935711,0.521594684385382,0.507910074937552,2,"['PhoneService', 'SeniorCitizen']"
Chi2,<class 'sklearn.feature_selection._univariate_selection.SelectFwe'>,"DecisionTreeClassifier(max_depth=1, max_leaf_nodes=3)",{},0.013934850692749023,0.7345203568994754,0.7345203568994754,0.5889710062535531,0.5889710062535531,2,"['PhoneService', 'SeniorCitizen']"
Chi2,<class 'sklearn.feature_selection._univariate_selection.SelectFwe'>,"DecisionTreeClassifier(max_depth=10, max_leaf_nodes=5)",{},0.013846635818481445,0.7306064393141842,0.7306064393141842,0.6022364217252396,0.6022364217252396,2,"['PhoneService', 'SeniorCitizen']"
Chi2,<class 'sklearn.feature_selection._univariate_selection.SelectFwe'>,"XGBClassifier(base_score=None, booster=None, callbacks=None,
              colsample_bylevel=None, colsample_bynode=None,
              colsample_bytree=None, early_stopping_rounds=None,
              enable_categorical=False, eval_metric=None, feature_types=None,
              gamma=None, gpu_id=None, grow_policy=None, importance_type=None,
              interaction_constraints=None, learning_rate=None, max_bin=None,
              max_cat_threshold=None, max_cat_to_onehot=None,
              max_delta_step=None, max_depth=None, max_leaves=None,
              min_child_weight=None, missing=nan, monotone_constraints=None,
              n_estimators=100, n_jobs=None, num_parallel_tree=None,
              predictor=None, random_state=42, ...)",{},0.02592921257019043,0.7178413513458443,0.7139427158682614,0.589585172109444,0.5834061135371179,2,"['PhoneService', 'SeniorCitizen']"
Chi2,<class 'sklearn.feature_selection._univariate_selection.SelectFwe'>,LogisticRegression(),{},0.019947290420532227,0.7705680189633977,0.7688258586846519,0.6449746926970354,0.6430123099203476,2,"['PhoneService', 'SeniorCitizen']"
Chi2,<class 'sklearn.feature_selection._univariate_selection.SelectFwe'>,LogisticRegression(max_iter=1000),{},0.013962984085083008,0.771100062713242,0.756188121613881,0.646288209606987,0.6289493019838355,2,"['PhoneService', 'SeniorCitizen']"
Chi2,<class 'sklearn.feature_selection._univariate_selection.SelectKBest'>,RandomForestClassifier(n_estimators=10),{},0.013962745666503906,0.7024726450272021,0.6971708856604021,0.5675430643699002,0.5592163846838825,9,"['PaperlessBilling', 'StreamingTV', 'PaymentMethod', 'InternetService', 'StreamingMovies', 'gender', 'MultipleLines', 'PhoneService', 'SeniorCitizen']"
Chi2,<class 'sklearn.feature_selection._univariate_selection.SelectKBest'>,RandomForestClassifier(n_estimators=50),{},0.014582395553588867,0.7076662976320657,0.7056886796938144,0.5736301369863014,0.5711805555555556,9,"['PaperlessBilling', 'StreamingTV', 'PaymentMethod', 'InternetService', 'StreamingMovies', 'gender', 'MultipleLines', 'PhoneService', 'SeniorCitizen']"
Chi2,<class 'sklearn.feature_selection._univariate_selection.SelectKBest'>,RandomForestClassifier(),{},0.01692819595336914,0.7187265815849471,0.7078451548926517,0.5903930131004366,0.5746924428822494,9,"['PaperlessBilling', 'StreamingTV', 'PaymentMethod', 'InternetService', 'StreamingMovies', 'gender', 'MultipleLines', 'PhoneService', 'SeniorCitizen']"
Chi2,<class 'sklearn.feature_selection._univariate_selection.SelectKBest'>,<catboost.core.CatBoostClassifier object at 0x0000019BF5995970>,{},0.017288684844970703,0.7502456457313111,0.753875995318015,0.6306306306306306,0.6331738437001595,9,"['PaperlessBilling', 'StreamingTV', 'PaymentMethod', 'InternetService', 'StreamingMovies', 'gender', 'MultipleLines', 'PhoneService', 'SeniorCitizen']"
Chi2,<class 'sklearn.feature_selection._univariate_selection.SelectKBest'>,<catboost.core.CatBoostClassifier object at 0x0000019BF59959D0>,{},0.012965679168701172,0.7269194893285609,0.748075020432744,0.6008510638297873,0.6274509803921569,9,"['PaperlessBilling', 'StreamingTV', 'PaymentMethod', 'InternetService', 'StreamingMovies', 'gender', 'MultipleLines', 'PhoneService', 'SeniorCitizen']"
Chi2,<class 'sklearn.feature_selection._univariate_selection.SelectKBest'>,<catboost.core.CatBoostClassifier object at 0x0000019BF5995A30>,{},0.015598297119140625,0.7348486392132092,0.7447084287050054,0.6124893071000855,0.6226568867155664,9,"['PaperlessBilling', 'StreamingTV', 'PaymentMethod', 'InternetService', 'StreamingMovies', 'gender', 'MultipleLines', 'PhoneService', 'SeniorCitizen']"
Chi2,<class 'sklearn.feature_selection._univariate_selection.SelectKBest'>,DecisionTreeClassifier(),{},0.013962268829345703,0.6674743543592495,0.6779414661314533,0.5167224080267558,0.5315832649712879,9,"['PaperlessBilling', 'StreamingTV', 'PaymentMethod', 'InternetService', 'StreamingMovies', 'gender', 'MultipleLines', 'PhoneService', 'SeniorCitizen']"
Chi2,<class 'sklearn.feature_selection._univariate_selection.SelectKBest'>,"DecisionTreeClassifier(max_depth=1, max_leaf_nodes=3)",{},0.01394510269165039,0.7345203568994754,0.7345203568994754,0.5889710062535531,0.5889710062535531,9,"['PaperlessBilling', 'StreamingTV', 'PaymentMethod', 'InternetService', 'StreamingMovies', 'gender', 'MultipleLines', 'PhoneService', 'SeniorCitizen']"
Chi2,<class 'sklearn.feature_selection._univariate_selection.SelectKBest'>,"DecisionTreeClassifier(max_depth=10, max_leaf_nodes=5)",{},0.01345682144165039,0.7306064393141842,0.7306064393141842,0.6022364217252396,0.6022364217252396,9,"['PaperlessBilling', 'StreamingTV', 'PaymentMethod', 'InternetService', 'StreamingMovies', 'gender', 'MultipleLines', 'PhoneService', 'SeniorCitizen']"
Chi2,<class 'sklearn.feature_selection._univariate_selection.SelectKBest'>,"XGBClassifier(base_score=None, booster=None, callbacks=None,
              colsample_bylevel=None, colsample_bynode=None,
              colsample_bytree=None, early_stopping_rounds=None,
              enable_categorical=False, eval_metric=None, feature_types=None,
              gamma=None, gpu_id=None, grow_policy=None, importance_type=None,
              interaction_constraints=None, learning_rate=None, max_bin=None,
              max_cat_threshold=None, max_cat_to_onehot=None,
              max_delta_step=None, max_depth=None, max_leaves=None,
              min_child_weight=None, missing=nan, monotone_constraints=None,
              n_estimators=100, n_jobs=None, num_parallel_tree=None,
              predictor=None, random_state=42, ...)",{},0.0161283016204834,0.7178413513458443,0.7258554018288721,0.589585172109444,0.5984911986588433,9,"['PaperlessBilling', 'StreamingTV', 'PaymentMethod', 'InternetService', 'StreamingMovies', 'gender', 'MultipleLines', 'PhoneService', 'SeniorCitizen']"
Chi2,<class 'sklearn.feature_selection._univariate_selection.SelectKBest'>,LogisticRegression(),{},0.016954898834228516,0.7705680189633977,0.7680866574747619,0.6449746926970354,0.6409155937052933,9,"['PaperlessBilling', 'StreamingTV', 'PaymentMethod', 'InternetService', 'StreamingMovies', 'gender', 'MultipleLines', 'PhoneService', 'SeniorCitizen']"
Chi2,<class 'sklearn.feature_selection._univariate_selection.SelectKBest'>,LogisticRegression(max_iter=1000),{},0.013963699340820312,0.771100062713242,0.7680866574747619,0.646288209606987,0.6409155937052933,9,"['PaperlessBilling', 'StreamingTV', 'PaymentMethod', 'InternetService', 'StreamingMovies', 'gender', 'MultipleLines', 'PhoneService', 'SeniorCitizen']"
Chi2,<class 'sklearn.feature_selection._univariate_selection.SelectPercentile'>,RandomForestClassifier(n_estimators=10),{},0.018950223922729492,0.6882387767068983,0.6766373929403455,0.545945945945946,0.5306748466257669,17,"['Partner', 'PaperlessBilling', 'Dependents', 'PaymentMethod', 'Contract', 'InternetService', 'StreamingMovies', 'OnlineSecurity', 'gender', 'SeniorCitizen', 'PhoneService', 'TotalCharges', 'StreamingTV', 'TechSupport', 'OnlineBackup', 'MultipleLines', 'DeviceProtection']"
Chi2,<class 'sklearn.feature_selection._univariate_selection.SelectPercentile'>,RandomForestClassifier(n_estimators=50),{},0.013967037200927734,0.7202615844036468,0.6906171254695004,0.5922077922077923,0.5484109386548411,17,"['Partner', 'PaperlessBilling', 'Dependents', 'PaymentMethod', 'Contract', 'InternetService', 'StreamingMovies', 'OnlineSecurity', 'gender', 'SeniorCitizen', 'PhoneService', 'TotalCharges', 'StreamingTV', 'TechSupport', 'OnlineBackup', 'MultipleLines', 'DeviceProtection']"
Chi2,<class 'sklearn.feature_selection._univariate_selection.SelectPercentile'>,RandomForestClassifier(),{},0.016927480697631836,0.7201721557733539,0.6874576912018076,0.5914529914529915,0.5445103857566765,17,"['Partner', 'PaperlessBilling', 'Dependents', 'PaymentMethod', 'Contract', 'InternetService', 'StreamingMovies', 'OnlineSecurity', 'gender', 'SeniorCitizen', 'PhoneService', 'TotalCharges', 'StreamingTV', 'TechSupport', 'OnlineBackup', 'MultipleLines', 'DeviceProtection']"
Chi2,<class 'sklearn.feature_selection._univariate_selection.SelectPercentile'>,<catboost.core.CatBoostClassifier object at 0x0000019BF5995970>,{},0.017791748046875,0.7502456457313111,0.7477223999474749,0.6306306306306306,0.6135895676046671,17,"['Partner', 'PaperlessBilling', 'Dependents', 'PaymentMethod', 'Contract', 'InternetService', 'StreamingMovies', 'OnlineSecurity', 'gender', 'SeniorCitizen', 'PhoneService', 'TotalCharges', 'StreamingTV', 'TechSupport', 'OnlineBackup', 'MultipleLines', 'DeviceProtection']"
Chi2,<class 'sklearn.feature_selection._univariate_selection.SelectPercentile'>,<catboost.core.CatBoostClassifier object at 0x0000019BF59959D0>,{},0.013963937759399414,0.7269194893285609,0.7477976784780379,0.6008510638297873,0.6149545772187281,17,"['Partner', 'PaperlessBilling', 'Dependents', 'PaymentMethod', 'Contract', 'InternetService', 'StreamingMovies', 'OnlineSecurity', 'gender', 'SeniorCitizen', 'PhoneService', 'TotalCharges', 'StreamingTV', 'TechSupport', 'OnlineBackup', 'MultipleLines', 'DeviceProtection']"
Chi2,<class 'sklearn.feature_selection._univariate_selection.SelectPercentile'>,<catboost.core.CatBoostClassifier object at 0x0000019BF5995A30>,{},0.01495981216430664,0.7348486392132092,0.7463804044890908,0.6124893071000855,0.6134453781512604,17,"['Partner', 'PaperlessBilling', 'Dependents', 'PaymentMethod', 'Contract', 'InternetService', 'StreamingMovies', 'OnlineSecurity', 'gender', 'SeniorCitizen', 'PhoneService', 'TotalCharges', 'StreamingTV', 'TechSupport', 'OnlineBackup', 'MultipleLines', 'DeviceProtection']"
Chi2,<class 'sklearn.feature_selection._univariate_selection.SelectPercentile'>,DecisionTreeClassifier(),{},0.012964963912963867,0.6797872051402218,0.6836626344542476,0.5341002465078061,0.5398230088495575,17,"['Partner', 'PaperlessBilling', 'Dependents', 'PaymentMethod', 'Contract', 'InternetService', 'StreamingMovies', 'OnlineSecurity', 'gender', 'SeniorCitizen', 'PhoneService', 'TotalCharges', 'StreamingTV', 'TechSupport', 'OnlineBackup', 'MultipleLines', 'DeviceProtection']"
Chi2,<class 'sklearn.feature_selection._univariate_selection.SelectPercentile'>,"DecisionTreeClassifier(max_depth=1, max_leaf_nodes=3)",{},0.014097929000854492,0.7345203568994754,0.6856402523924989,0.5889710062535531,0.5422740524781341,17,"['Partner', 'PaperlessBilling', 'Dependents', 'PaymentMethod', 'Contract', 'InternetService', 'StreamingMovies', 'OnlineSecurity', 'gender', 'SeniorCitizen', 'PhoneService', 'TotalCharges', 'StreamingTV', 'TechSupport', 'OnlineBackup', 'MultipleLines', 'DeviceProtection']"
Chi2,<class 'sklearn.feature_selection._univariate_selection.SelectPercentile'>,"DecisionTreeClassifier(max_depth=10, max_leaf_nodes=5)",{},0.012964487075805664,0.7306064393141842,0.7232195212511858,0.6022364217252396,0.5818181818181818,17,"['Partner', 'PaperlessBilling', 'Dependents', 'PaymentMethod', 'Contract', 'InternetService', 'StreamingMovies', 'OnlineSecurity', 'gender', 'SeniorCitizen', 'PhoneService', 'TotalCharges', 'StreamingTV', 'TechSupport', 'OnlineBackup', 'MultipleLines', 'DeviceProtection']"
Chi2,<class 'sklearn.feature_selection._univariate_selection.SelectPercentile'>,"XGBClassifier(base_score=None, booster=None, callbacks=None,
              colsample_bylevel=None, colsample_bynode=None,
              colsample_bytree=None, early_stopping_rounds=None,
              enable_categorical=False, eval_metric=None, feature_types=None,
              gamma=None, gpu_id=None, grow_policy=None, importance_type=None,
              interaction_constraints=None, learning_rate=None, max_bin=None,
              max_cat_threshold=None, max_cat_to_onehot=None,
              max_delta_step=None, max_depth=None, max_leaves=None,
              min_child_weight=None, missing=nan, monotone_constraints=None,
              n_estimators=100, n_jobs=None, num_parallel_tree=None,
              predictor=None, random_state=42, ...)",{},0.016963481903076172,0.7178413513458443,0.7197301066577917,0.589585172109444,0.5825105782792667,17,"['Partner', 'PaperlessBilling', 'Dependents', 'PaymentMethod', 'Contract', 'InternetService', 'StreamingMovies', 'OnlineSecurity', 'gender', 'SeniorCitizen', 'PhoneService', 'TotalCharges', 'StreamingTV', 'TechSupport', 'OnlineBackup', 'MultipleLines', 'DeviceProtection']"
Chi2,<class 'sklearn.feature_selection._univariate_selection.SelectPercentile'>,LogisticRegression(),{},0.015956878662109375,0.7705680189633977,0.7403581220440442,0.6449746926970354,0.6078853046594982,17,"['Partner', 'PaperlessBilling', 'Dependents', 'PaymentMethod', 'Contract', 'InternetService', 'StreamingMovies', 'OnlineSecurity', 'gender', 'SeniorCitizen', 'PhoneService', 'TotalCharges', 'StreamingTV', 'TechSupport', 'OnlineBackup', 'MultipleLines', 'DeviceProtection']"
Chi2,<class 'sklearn.feature_selection._univariate_selection.SelectPercentile'>,LogisticRegression(max_iter=1000),{},0.014960050582885742,0.771100062713242,0.7403581220440442,0.646288209606987,0.6078853046594982,17,"['Partner', 'PaperlessBilling', 'Dependents', 'PaymentMethod', 'Contract', 'InternetService', 'StreamingMovies', 'OnlineSecurity', 'gender', 'SeniorCitizen', 'PhoneService', 'TotalCharges', 'StreamingTV', 'TechSupport', 'OnlineBackup', 'MultipleLines', 'DeviceProtection']"
Chi2,<class 'sklearn.feature_selection._univariate_selection.GenericUnivariateSelect'>,RandomForestClassifier(n_estimators=10),{},0.01396322250366211,0.6949861102621051,0.5532688994392032,0.5560538116591929,0.351421188630491,18,"['Partner', 'PaperlessBilling', 'Dependents', 'PaymentMethod', 'Contract', 'InternetService', 'StreamingMovies', 'OnlineSecurity', 'gender', 'SeniorCitizen', 'PhoneService', 'TotalCharges', 'StreamingTV', 'TechSupport', 'OnlineBackup', 'tenure', 'MultipleLines', 'DeviceProtection']"
Chi2,<class 'sklearn.feature_selection._univariate_selection.GenericUnivariateSelect'>,RandomForestClassifier(n_estimators=50),{},0.015958070755004883,0.718651303054384,0.5583023729151243,0.5892399658411613,0.36256323777403027,18,"['Partner', 'PaperlessBilling', 'Dependents', 'PaymentMethod', 'Contract', 'InternetService', 'StreamingMovies', 'OnlineSecurity', 'gender', 'SeniorCitizen', 'PhoneService', 'TotalCharges', 'StreamingTV', 'TechSupport', 'OnlineBackup', 'tenure', 'MultipleLines', 'DeviceProtection']"
Chi2,<class 'sklearn.feature_selection._univariate_selection.GenericUnivariateSelect'>,RandomForestClassifier(),{},0.017238378524780273,0.7165842564858397,0.5523225407692673,0.5863247863247862,0.35413153456998314,18,"['Partner', 'PaperlessBilling', 'Dependents', 'PaymentMethod', 'Contract', 'InternetService', 'StreamingMovies', 'OnlineSecurity', 'gender', 'SeniorCitizen', 'PhoneService', 'TotalCharges', 'StreamingTV', 'TechSupport', 'OnlineBackup', 'tenure', 'MultipleLines', 'DeviceProtection']"
Chi2,<class 'sklearn.feature_selection._univariate_selection.GenericUnivariateSelect'>,<catboost.core.CatBoostClassifier object at 0x0000019BF5995970>,{},0.016924142837524414,0.7502456457313111,0.6577758760043741,0.6306306306306306,0.5148279952550415,18,"['Partner', 'PaperlessBilling', 'Dependents', 'PaymentMethod', 'Contract', 'InternetService', 'StreamingMovies', 'OnlineSecurity', 'gender', 'SeniorCitizen', 'PhoneService', 'TotalCharges', 'StreamingTV', 'TechSupport', 'OnlineBackup', 'tenure', 'MultipleLines', 'DeviceProtection']"
Chi2,<class 'sklearn.feature_selection._univariate_selection.GenericUnivariateSelect'>,<catboost.core.CatBoostClassifier object at 0x0000019BF59959D0>,{},0.012964963912963867,0.7269194893285609,0.6521820585791489,0.6008510638297873,0.508495145631068,18,"['Partner', 'PaperlessBilling', 'Dependents', 'PaymentMethod', 'Contract', 'InternetService', 'StreamingMovies', 'OnlineSecurity', 'gender', 'SeniorCitizen', 'PhoneService', 'TotalCharges', 'StreamingTV', 'TechSupport', 'OnlineBackup', 'tenure', 'MultipleLines', 'DeviceProtection']"
Chi2,<class 'sklearn.feature_selection._univariate_selection.GenericUnivariateSelect'>,<catboost.core.CatBoostClassifier object at 0x0000019BF5995A30>,{},0.014960289001464844,0.7348486392132092,0.6560337157256284,0.6124893071000855,0.5130641330166271,18,"['Partner', 'PaperlessBilling', 'Dependents', 'PaymentMethod', 'Contract', 'InternetService', 'StreamingMovies', 'OnlineSecurity', 'gender', 'SeniorCitizen', 'PhoneService', 'TotalCharges', 'StreamingTV', 'TechSupport', 'OnlineBackup', 'tenure', 'MultipleLines', 'DeviceProtection']"
Chi2,<class 'sklearn.feature_selection._univariate_selection.GenericUnivariateSelect'>,DecisionTreeClassifier(),{},0.013962030410766602,0.677395272281879,0.5389546585524334,0.5308134757600658,0.30166503428011754,18,"['Partner', 'PaperlessBilling', 'Dependents', 'PaymentMethod', 'Contract', 'InternetService', 'StreamingMovies', 'OnlineSecurity', 'gender', 'SeniorCitizen', 'PhoneService', 'TotalCharges', 'StreamingTV', 'TechSupport', 'OnlineBackup', 'tenure', 'MultipleLines', 'DeviceProtection']"
Chi2,<class 'sklearn.feature_selection._univariate_selection.GenericUnivariateSelect'>,"DecisionTreeClassifier(max_depth=1, max_leaf_nodes=3)",{},0.017305850982666016,0.7345203568994754,0.6038690900693467,0.5889710062535531,0.48076052512449075,18,"['Partner', 'PaperlessBilling', 'Dependents', 'PaymentMethod', 'Contract', 'InternetService', 'StreamingMovies', 'OnlineSecurity', 'gender', 'SeniorCitizen', 'PhoneService', 'TotalCharges', 'StreamingTV', 'TechSupport', 'OnlineBackup', 'tenure', 'MultipleLines', 'DeviceProtection']"
Chi2,<class 'sklearn.feature_selection._univariate_selection.GenericUnivariateSelect'>,"DecisionTreeClassifier(max_depth=10, max_leaf_nodes=5)",{},0.014959096908569336,0.7306064393141842,0.6617735621800662,0.6022364217252396,0.5197030268418047,18,"['Partner', 'PaperlessBilling', 'Dependents', 'PaymentMethod', 'Contract', 'InternetService', 'StreamingMovies', 'OnlineSecurity', 'gender', 'SeniorCitizen', 'PhoneService', 'TotalCharges', 'StreamingTV', 'TechSupport', 'OnlineBackup', 'tenure', 'MultipleLines', 'DeviceProtection']"
Chi2,<class 'sklearn.feature_selection._univariate_selection.GenericUnivariateSelect'>,"XGBClassifier(base_score=None, booster=None, callbacks=None,
              colsample_bylevel=None, colsample_bynode=None,
              colsample_bytree=None, early_stopping_rounds=None,
              enable_categorical=False, eval_metric=None, feature_types=None,
              gamma=None, gpu_id=None, grow_policy=None, importance_type=None,
              interaction_constraints=None, learning_rate=None, max_bin=None,
              max_cat_threshold=None, max_cat_to_onehot=None,
              max_delta_step=None, max_depth=None, max_leaves=None,
              min_child_weight=None, missing=nan, monotone_constraints=None,
              n_estimators=100, n_jobs=None, num_parallel_tree=None,
              predictor=None, random_state=42, ...)",{},0.0158541202545166,0.7178413513458443,0.6178850468538102,0.589585172109444,0.47204968944099374,18,"['Partner', 'PaperlessBilling', 'Dependents', 'PaymentMethod', 'Contract', 'InternetService', 'StreamingMovies', 'OnlineSecurity', 'gender', 'SeniorCitizen', 'PhoneService', 'TotalCharges', 'StreamingTV', 'TechSupport', 'OnlineBackup', 'tenure', 'MultipleLines', 'DeviceProtection']"
Chi2,<class 'sklearn.feature_selection._univariate_selection.GenericUnivariateSelect'>,LogisticRegression(),{},0.018949031829833984,0.7705680189633977,0.633974276250699,0.6449746926970354,0.4914353219137626,18,"['Partner', 'PaperlessBilling', 'Dependents', 'PaymentMethod', 'Contract', 'InternetService', 'StreamingMovies', 'OnlineSecurity', 'gender', 'SeniorCitizen', 'PhoneService', 'TotalCharges', 'StreamingTV', 'TechSupport', 'OnlineBackup', 'tenure', 'MultipleLines', 'DeviceProtection']"
Chi2,<class 'sklearn.feature_selection._univariate_selection.GenericUnivariateSelect'>,LogisticRegression(max_iter=1000),{},0.012966632843017578,0.771100062713242,0.633974276250699,0.646288209606987,0.4914353219137626,18,"['Partner', 'PaperlessBilling', 'Dependents', 'PaymentMethod', 'Contract', 'InternetService', 'StreamingMovies', 'OnlineSecurity', 'gender', 'SeniorCitizen', 'PhoneService', 'TotalCharges', 'StreamingTV', 'TechSupport', 'OnlineBackup', 'tenure', 'MultipleLines', 'DeviceProtection']"
F1C,<class 'sklearn.feature_selection._univariate_selection.SelectFdr'>,RandomForestClassifier(n_estimators=10),{},0.012966632843017578,0.706102994613906,0.6904377022049251,0.5721830985915491,0.5491585473870683,2,"['PhoneService', 'SeniorCitizen']"
F1C,<class 'sklearn.feature_selection._univariate_selection.SelectFdr'>,RandomForestClassifier(n_estimators=50),{},0.013932466506958008,0.7140462945982844,0.7133965220186872,0.5836985100788782,0.5826771653543308,2,"['PhoneService', 'SeniorCitizen']"
F1C,<class 'sklearn.feature_selection._univariate_selection.SelectFdr'>,RandomForestClassifier(),{},0.015490055084228516,0.7148279461073641,0.7093801577113515,0.5842696629213484,0.5766550522648084,2,"['PhoneService', 'SeniorCitizen']"
F1C,<class 'sklearn.feature_selection._univariate_selection.SelectFdr'>,<catboost.core.CatBoostClassifier object at 0x0000019BF5995970>,{},0.016954898834228516,0.7502456457313111,0.7472039402933712,0.6306306306306306,0.6263286999182338,2,"['PhoneService', 'SeniorCitizen']"
F1C,<class 'sklearn.feature_selection._univariate_selection.SelectFdr'>,<catboost.core.CatBoostClassifier object at 0x0000019BF59959D0>,{},0.01396322250366211,0.7269194893285609,0.7340952879035891,0.6008510638297873,0.6110638297872341,2,"['PhoneService', 'SeniorCitizen']"
F1C,<class 'sklearn.feature_selection._univariate_selection.SelectFdr'>,<catboost.core.CatBoostClassifier object at 0x0000019BF5995A30>,{},0.01495981216430664,0.7348486392132092,0.7295327297466793,0.6124893071000855,0.6044142614601019,2,"['PhoneService', 'SeniorCitizen']"
F1C,<class 'sklearn.feature_selection._univariate_selection.SelectFdr'>,DecisionTreeClassifier(),{},0.015958070755004883,0.6710622536467636,0.662690488642564,0.5217391304347827,0.5100334448160535,2,"['PhoneService', 'SeniorCitizen']"
F1C,<class 'sklearn.feature_selection._univariate_selection.SelectFdr'>,"DecisionTreeClassifier(max_depth=1, max_leaf_nodes=3)",{},0.014931678771972656,0.7345203568994754,0.7345203568994754,0.5889710062535531,0.5889710062535531,2,"['PhoneService', 'SeniorCitizen']"
F1C,<class 'sklearn.feature_selection._univariate_selection.SelectFdr'>,"DecisionTreeClassifier(max_depth=10, max_leaf_nodes=5)",{},0.014878273010253906,0.7306064393141842,0.7306064393141842,0.6022364217252396,0.6022364217252396,2,"['PhoneService', 'SeniorCitizen']"
F1C,<class 'sklearn.feature_selection._univariate_selection.SelectFdr'>,"XGBClassifier(base_score=None, booster=None, callbacks=None,
              colsample_bylevel=None, colsample_bynode=None,
              colsample_bytree=None, early_stopping_rounds=None,
              enable_categorical=False, eval_metric=None, feature_types=None,
              gamma=None, gpu_id=None, grow_policy=None, importance_type=None,
              interaction_constraints=None, learning_rate=None, max_bin=None,
              max_cat_threshold=None, max_cat_to_onehot=None,
              max_delta_step=None, max_depth=None, max_leaves=None,
              min_child_weight=None, missing=nan, monotone_constraints=None,
              n_estimators=100, n_jobs=None, num_parallel_tree=None,
              predictor=None, random_state=42, ...)",{},0.015957355499267578,0.7178413513458443,0.7139427158682614,0.589585172109444,0.5834061135371179,2,"['PhoneService', 'SeniorCitizen']"
F1C,<class 'sklearn.feature_selection._univariate_selection.SelectFdr'>,LogisticRegression(),{},0.018456697463989258,0.7705680189633977,0.7688258586846519,0.6449746926970354,0.6430123099203476,2,"['PhoneService', 'SeniorCitizen']"
F1C,<class 'sklearn.feature_selection._univariate_selection.SelectFdr'>,LogisticRegression(max_iter=1000),{},0.013961553573608398,0.771100062713242,0.756188121613881,0.646288209606987,0.6289493019838355,2,"['PhoneService', 'SeniorCitizen']"
F1C,<class 'sklearn.feature_selection._univariate_selection.SelectFpr'>,RandomForestClassifier(n_estimators=10),{},0.0139617919921875,0.7054532220343088,0.7005091771886809,0.5711775043936732,0.5646630236794172,2,"['PhoneService', 'SeniorCitizen']"
F1C,<class 'sklearn.feature_selection._univariate_selection.SelectFpr'>,RandomForestClassifier(n_estimators=50),{},0.014958381652832031,0.7143994810875427,0.7174270364257527,0.5834767641996558,0.5883376849434291,2,"['PhoneService', 'SeniorCitizen']"
F1C,<class 'sklearn.feature_selection._univariate_selection.SelectFpr'>,RandomForestClassifier(),{},0.016463279724121094,0.7219001659523696,0.7192727754345213,0.5943152454780362,0.5911072362685267,2,"['PhoneService', 'SeniorCitizen']"
F1C,<class 'sklearn.feature_selection._univariate_selection.SelectFpr'>,<catboost.core.CatBoostClassifier object at 0x0000019BF5995970>,{},0.01689743995666504,0.7502456457313111,0.7472039402933712,0.6306306306306306,0.6263286999182338,2,"['PhoneService', 'SeniorCitizen']"
F1C,<class 'sklearn.feature_selection._univariate_selection.SelectFpr'>,<catboost.core.CatBoostClassifier object at 0x0000019BF59959D0>,{},0.01396322250366211,0.7269194893285609,0.7340952879035891,0.6008510638297873,0.6110638297872341,2,"['PhoneService', 'SeniorCitizen']"
F1C,<class 'sklearn.feature_selection._univariate_selection.SelectFpr'>,<catboost.core.CatBoostClassifier object at 0x0000019BF5995A30>,{},0.013963699340820312,0.7348486392132092,0.7295327297466793,0.6124893071000855,0.6044142614601019,2,"['PhoneService', 'SeniorCitizen']"
F1C,<class 'sklearn.feature_selection._univariate_selection.SelectFpr'>,DecisionTreeClassifier(),{},0.013962268829345703,0.6791374325606248,0.6596629333043539,0.5332239540607054,0.5062034739454094,2,"['PhoneService', 'SeniorCitizen']"
F1C,<class 'sklearn.feature_selection._univariate_selection.SelectFpr'>,"DecisionTreeClassifier(max_depth=1, max_leaf_nodes=3)",{},0.013961315155029297,0.7345203568994754,0.7345203568994754,0.5889710062535531,0.5889710062535531,2,"['PhoneService', 'SeniorCitizen']"
F1C,<class 'sklearn.feature_selection._univariate_selection.SelectFpr'>,"DecisionTreeClassifier(max_depth=10, max_leaf_nodes=5)",{},0.013963937759399414,0.7306064393141842,0.7306064393141842,0.6022364217252396,0.6022364217252396,2,"['PhoneService', 'SeniorCitizen']"
F1C,<class 'sklearn.feature_selection._univariate_selection.SelectFpr'>,"XGBClassifier(base_score=None, booster=None, callbacks=None,
              colsample_bylevel=None, colsample_bynode=None,
              colsample_bytree=None, early_stopping_rounds=None,
              enable_categorical=False, eval_metric=None, feature_types=None,
              gamma=None, gpu_id=None, grow_policy=None, importance_type=None,
              interaction_constraints=None, learning_rate=None, max_bin=None,
              max_cat_threshold=None, max_cat_to_onehot=None,
              max_delta_step=None, max_depth=None, max_leaves=None,
              min_child_weight=None, missing=nan, monotone_constraints=None,
              n_estimators=100, n_jobs=None, num_parallel_tree=None,
              predictor=None, random_state=42, ...)",{},0.01664257049560547,0.7178413513458443,0.7139427158682614,0.589585172109444,0.5834061135371179,2,"['PhoneService', 'SeniorCitizen']"
F1C,<class 'sklearn.feature_selection._univariate_selection.SelectFpr'>,LogisticRegression(),{},0.016954898834228516,0.7705680189633977,0.7688258586846519,0.6449746926970354,0.6430123099203476,2,"['PhoneService', 'SeniorCitizen']"
F1C,<class 'sklearn.feature_selection._univariate_selection.SelectFpr'>,LogisticRegression(max_iter=1000),{},0.012965202331542969,0.771100062713242,0.756188121613881,0.646288209606987,0.6289493019838355,2,"['PhoneService', 'SeniorCitizen']"
F1C,<class 'sklearn.feature_selection._univariate_selection.SelectFwe'>,RandomForestClassifier(n_estimators=10),{},0.01296687126159668,0.6909697459547695,0.7124218631492915,0.55,0.5811518324607331,3,"['PhoneService', 'TotalCharges', 'SeniorCitizen']"
F1C,<class 'sklearn.feature_selection._univariate_selection.SelectFwe'>,RandomForestClassifier(n_estimators=50),{},0.013963937759399414,0.7129680569988657,0.7121252770589528,0.5818815331010453,0.5799828913601369,3,"['PhoneService', 'TotalCharges', 'SeniorCitizen']"
F1C,<class 'sklearn.feature_selection._univariate_selection.SelectFwe'>,RandomForestClassifier(),{},0.015074729919433594,0.7137638586076754,0.7191974969039582,0.582127659574468,0.5899403239556692,3,"['PhoneService', 'TotalCharges', 'SeniorCitizen']"
F1C,<class 'sklearn.feature_selection._univariate_selection.SelectFwe'>,<catboost.core.CatBoostClassifier object at 0x0000019BF5995970>,{},0.015928983688354492,0.7502456457313111,0.7401458705480957,0.6306306306306306,0.6162601626016261,3,"['PhoneService', 'TotalCharges', 'SeniorCitizen']"
F1C,<class 'sklearn.feature_selection._univariate_selection.SelectFwe'>,<catboost.core.CatBoostClassifier object at 0x0000019BF59959D0>,{},0.014960050582885742,0.7269194893285609,0.7380363736803617,0.6008510638297873,0.6153846153846154,3,"['PhoneService', 'TotalCharges', 'SeniorCitizen']"
F1C,<class 'sklearn.feature_selection._univariate_selection.SelectFwe'>,<catboost.core.CatBoostClassifier object at 0x0000019BF5995A30>,{},0.013962507247924805,0.7348486392132092,0.7373866011007646,0.6124893071000855,0.6143572621035058,3,"['PhoneService', 'TotalCharges', 'SeniorCitizen']"
F1C,<class 'sklearn.feature_selection._univariate_selection.SelectFwe'>,DecisionTreeClassifier(),{},0.015957117080688477,0.6728044139255094,0.6658499229102567,0.5242070116861436,0.5145711906744379,3,"['PhoneService', 'TotalCharges', 'SeniorCitizen']"
F1C,<class 'sklearn.feature_selection._univariate_selection.SelectFwe'>,"DecisionTreeClassifier(max_depth=1, max_leaf_nodes=3)",{},0.013446807861328125,0.7345203568994754,0.7345203568994754,0.5889710062535531,0.5889710062535531,3,"['PhoneService', 'TotalCharges', 'SeniorCitizen']"
F1C,<class 'sklearn.feature_selection._univariate_selection.SelectFwe'>,"DecisionTreeClassifier(max_depth=10, max_leaf_nodes=5)",{},0.01399374008178711,0.7306064393141842,0.7306064393141842,0.6022364217252396,0.6022364217252396,3,"['PhoneService', 'TotalCharges', 'SeniorCitizen']"
F1C,<class 'sklearn.feature_selection._univariate_selection.SelectFwe'>,"XGBClassifier(base_score=None, booster=None, callbacks=None,
              colsample_bylevel=None, colsample_bynode=None,
              colsample_bytree=None, early_stopping_rounds=None,
              enable_categorical=False, eval_metric=None, feature_types=None,
              gamma=None, gpu_id=None, grow_policy=None, importance_type=None,
              interaction_constraints=None, learning_rate=None, max_bin=None,
              max_cat_threshold=None, max_cat_to_onehot=None,
              max_delta_step=None, max_depth=None, max_leaves=None,
              min_child_weight=None, missing=nan, monotone_constraints=None,
              n_estimators=100, n_jobs=None, num_parallel_tree=None,
              predictor=None, random_state=42, ...)",{},0.015932798385620117,0.7178413513458443,0.7201721557733539,0.589585172109444,0.5914529914529915,3,"['PhoneService', 'TotalCharges', 'SeniorCitizen']"
F1C,<class 'sklearn.feature_selection._univariate_selection.SelectFwe'>,LogisticRegression(),{},0.01894974708557129,0.7705680189633977,0.7521859074062753,0.6449746926970354,0.6230936819172114,3,"['PhoneService', 'TotalCharges', 'SeniorCitizen']"
F1C,<class 'sklearn.feature_selection._univariate_selection.SelectFwe'>,LogisticRegression(max_iter=1000),{},0.014552593231201172,0.771100062713242,0.7516397135567011,0.646288209606987,0.6225454545454545,3,"['PhoneService', 'TotalCharges', 'SeniorCitizen']"
F1C,<class 'sklearn.feature_selection._univariate_selection.SelectKBest'>,RandomForestClassifier(n_estimators=10),{},0.013964414596557617,0.7036544613566436,0.6950427106610247,0.5695970695970697,0.55565142364107,9,"['PaperlessBilling', 'StreamingTV', 'PaymentMethod', 'InternetService', 'StreamingMovies', 'MultipleLines', 'PhoneService', 'SeniorCitizen', 'TotalCharges']"
F1C,<class 'sklearn.feature_selection._univariate_selection.SelectKBest'>,RandomForestClassifier(n_estimators=50),{},0.013935327529907227,0.7200402768438712,0.7088481139615073,0.592013888888889,0.5756266205704409,9,"['PaperlessBilling', 'StreamingTV', 'PaymentMethod', 'InternetService', 'StreamingMovies', 'MultipleLines', 'PhoneService', 'SeniorCitizen', 'TotalCharges']"
F1C,<class 'sklearn.feature_selection._univariate_selection.SelectKBest'>,RandomForestClassifier(),{},0.013962268829345703,0.7117720905696943,0.7111647682892869,0.5801393728222997,0.5781910397295013,9,"['PaperlessBilling', 'StreamingTV', 'PaymentMethod', 'InternetService', 'StreamingMovies', 'MultipleLines', 'PhoneService', 'SeniorCitizen', 'TotalCharges']"
F1C,<class 'sklearn.feature_selection._univariate_selection.SelectKBest'>,<catboost.core.CatBoostClassifier object at 0x0000019BF5995970>,{},0.016645193099975586,0.7502456457313111,0.7480138920019108,0.6306306306306306,0.6249008723235527,9,"['PaperlessBilling', 'StreamingTV', 'PaymentMethod', 'InternetService', 'StreamingMovies', 'MultipleLines', 'PhoneService', 'SeniorCitizen', 'TotalCharges']"
F1C,<class 'sklearn.feature_selection._univariate_selection.SelectKBest'>,<catboost.core.CatBoostClassifier object at 0x0000019BF59959D0>,{},0.012969017028808594,0.7269194893285609,0.7408992218577157,0.6008510638297873,0.6176470588235295,9,"['PaperlessBilling', 'StreamingTV', 'PaymentMethod', 'InternetService', 'StreamingMovies', 'MultipleLines', 'PhoneService', 'SeniorCitizen', 'TotalCharges']"
F1C,<class 'sklearn.feature_selection._univariate_selection.SelectKBest'>,<catboost.core.CatBoostClassifier object at 0x0000019BF5995A30>,{},0.015957117080688477,0.7348486392132092,0.7385214390991028,0.6124893071000855,0.6137651821862349,9,"['PaperlessBilling', 'StreamingTV', 'PaymentMethod', 'InternetService', 'StreamingMovies', 'MultipleLines', 'PhoneService', 'SeniorCitizen', 'TotalCharges']"
F1C,<class 'sklearn.feature_selection._univariate_selection.SelectKBest'>,DecisionTreeClassifier(),{},0.013962745666503906,0.6735719153348593,0.6701300450765577,0.5253532834580216,0.5211038961038961,9,"['PaperlessBilling', 'StreamingTV', 'PaymentMethod', 'InternetService', 'StreamingMovies', 'MultipleLines', 'PhoneService', 'SeniorCitizen', 'TotalCharges']"
F1C,<class 'sklearn.feature_selection._univariate_selection.SelectKBest'>,"DecisionTreeClassifier(max_depth=1, max_leaf_nodes=3)",{},0.012967348098754883,0.7345203568994754,0.7345203568994754,0.5889710062535531,0.5889710062535531,9,"['PaperlessBilling', 'StreamingTV', 'PaymentMethod', 'InternetService', 'StreamingMovies', 'MultipleLines', 'PhoneService', 'SeniorCitizen', 'TotalCharges']"
F1C,<class 'sklearn.feature_selection._univariate_selection.SelectKBest'>,"DecisionTreeClassifier(max_depth=10, max_leaf_nodes=5)",{},0.015446901321411133,0.7306064393141842,0.7306064393141842,0.6022364217252396,0.6022364217252396,9,"['PaperlessBilling', 'StreamingTV', 'PaymentMethod', 'InternetService', 'StreamingMovies', 'MultipleLines', 'PhoneService', 'SeniorCitizen', 'TotalCharges']"
F1C,<class 'sklearn.feature_selection._univariate_selection.SelectKBest'>,"XGBClassifier(base_score=None, booster=None, callbacks=None,
              colsample_bylevel=None, colsample_bynode=None,
              colsample_bytree=None, early_stopping_rounds=None,
              enable_categorical=False, eval_metric=None, feature_types=None,
              gamma=None, gpu_id=None, grow_policy=None, importance_type=None,
              interaction_constraints=None, learning_rate=None, max_bin=None,
              max_cat_threshold=None, max_cat_to_onehot=None,
              max_delta_step=None, max_depth=None, max_leaves=None,
              min_child_weight=None, missing=nan, monotone_constraints=None,
              n_estimators=100, n_jobs=None, num_parallel_tree=None,
              predictor=None, random_state=42, ...)",{},0.01625204086303711,0.7178413513458443,0.7415631445370428,0.589585172109444,0.6180048661800487,9,"['PaperlessBilling', 'StreamingTV', 'PaymentMethod', 'InternetService', 'StreamingMovies', 'MultipleLines', 'PhoneService', 'SeniorCitizen', 'TotalCharges']"
F1C,<class 'sklearn.feature_selection._univariate_selection.SelectKBest'>,LogisticRegression(),{},0.016967296600341797,0.7705680189633977,0.7564377293731166,0.6449746926970354,0.6277056277056278,9,"['PaperlessBilling', 'StreamingTV', 'PaymentMethod', 'InternetService', 'StreamingMovies', 'MultipleLines', 'PhoneService', 'SeniorCitizen', 'TotalCharges']"
F1C,<class 'sklearn.feature_selection._univariate_selection.SelectKBest'>,LogisticRegression(max_iter=1000),{},0.01495981216430664,0.771100062713242,0.7564377293731166,0.646288209606987,0.6277056277056278,9,"['PaperlessBilling', 'StreamingTV', 'PaymentMethod', 'InternetService', 'StreamingMovies', 'MultipleLines', 'PhoneService', 'SeniorCitizen', 'TotalCharges']"
F1C,<class 'sklearn.feature_selection._univariate_selection.SelectPercentile'>,RandomForestClassifier(n_estimators=10),{},0.017730712890625,0.690630709565241,0.7253573183183795,0.5495495495495496,0.5826771653543308,17,"['Partner', 'PaperlessBilling', 'Dependents', 'PaymentMethod', 'InternetService', 'StreamingMovies', 'MonthlyCharges', 'OnlineSecurity', 'gender', 'SeniorCitizen', 'PhoneService', 'TotalCharges', 'StreamingTV', 'TechSupport', 'OnlineBackup', 'MultipleLines', 'DeviceProtection']"
F1C,<class 'sklearn.feature_selection._univariate_selection.SelectPercentile'>,RandomForestClassifier(n_estimators=50),{},0.016954421997070312,0.7191833468042282,0.7232149932192722,0.5903614457831325,0.5799522673031026,17,"['Partner', 'PaperlessBilling', 'Dependents', 'PaymentMethod', 'InternetService', 'StreamingMovies', 'MonthlyCharges', 'OnlineSecurity', 'gender', 'SeniorCitizen', 'PhoneService', 'TotalCharges', 'StreamingTV', 'TechSupport', 'OnlineBackup', 'MultipleLines', 'DeviceProtection']"
F1C,<class 'sklearn.feature_selection._univariate_selection.SelectPercentile'>,RandomForestClassifier(),{},0.014958620071411133,0.7061171447136358,0.7239683445288922,0.5719267654751525,0.5808383233532936,17,"['Partner', 'PaperlessBilling', 'Dependents', 'PaymentMethod', 'InternetService', 'StreamingMovies', 'MonthlyCharges', 'OnlineSecurity', 'gender', 'SeniorCitizen', 'PhoneService', 'TotalCharges', 'StreamingTV', 'TechSupport', 'OnlineBackup', 'MultipleLines', 'DeviceProtection']"
F1C,<class 'sklearn.feature_selection._univariate_selection.SelectPercentile'>,<catboost.core.CatBoostClassifier object at 0x0000019BF5995970>,{},0.014960765838623047,0.7502456457313111,0.7359704591197959,0.6306306306306306,0.5918966529653552,17,"['Partner', 'PaperlessBilling', 'Dependents', 'PaymentMethod', 'InternetService', 'StreamingMovies', 'MonthlyCharges', 'OnlineSecurity', 'gender', 'SeniorCitizen', 'PhoneService', 'TotalCharges', 'StreamingTV', 'TechSupport', 'OnlineBackup', 'MultipleLines', 'DeviceProtection']"
F1C,<class 'sklearn.feature_selection._univariate_selection.SelectPercentile'>,<catboost.core.CatBoostClassifier object at 0x0000019BF59959D0>,{},0.016954660415649414,0.7269194893285609,0.7359704591197959,0.6008510638297873,0.5918966529653552,17,"['Partner', 'PaperlessBilling', 'Dependents', 'PaymentMethod', 'InternetService', 'StreamingMovies', 'MonthlyCharges', 'OnlineSecurity', 'gender', 'SeniorCitizen', 'PhoneService', 'TotalCharges', 'StreamingTV', 'TechSupport', 'OnlineBackup', 'MultipleLines', 'DeviceProtection']"
F1C,<class 'sklearn.feature_selection._univariate_selection.SelectPercentile'>,<catboost.core.CatBoostClassifier object at 0x0000019BF5995A30>,{},0.01595783233642578,0.7348486392132092,0.7359704591197959,0.6124893071000855,0.5918966529653552,17,"['Partner', 'PaperlessBilling', 'Dependents', 'PaymentMethod', 'InternetService', 'StreamingMovies', 'MonthlyCharges', 'OnlineSecurity', 'gender', 'SeniorCitizen', 'PhoneService', 'TotalCharges', 'StreamingTV', 'TechSupport', 'OnlineBackup', 'MultipleLines', 'DeviceProtection']"
F1C,<class 'sklearn.feature_selection._univariate_selection.SelectPercentile'>,DecisionTreeClassifier(),{},0.013963460922241211,0.6645645278507923,0.7232149932192722,0.5131578947368421,0.5799522673031026,17,"['Partner', 'PaperlessBilling', 'Dependents', 'PaymentMethod', 'InternetService', 'StreamingMovies', 'MonthlyCharges', 'OnlineSecurity', 'gender', 'SeniorCitizen', 'PhoneService', 'TotalCharges', 'StreamingTV', 'TechSupport', 'OnlineBackup', 'MultipleLines', 'DeviceProtection']"
F1C,<class 'sklearn.feature_selection._univariate_selection.SelectPercentile'>,"DecisionTreeClassifier(max_depth=1, max_leaf_nodes=3)",{},0.015959501266479492,0.7345203568994754,0.7345203568994754,0.5889710062535531,0.5889710062535531,17,"['Partner', 'PaperlessBilling', 'Dependents', 'PaymentMethod', 'InternetService', 'StreamingMovies', 'MonthlyCharges', 'OnlineSecurity', 'gender', 'SeniorCitizen', 'PhoneService', 'TotalCharges', 'StreamingTV', 'TechSupport', 'OnlineBackup', 'MultipleLines', 'DeviceProtection']"
F1C,<class 'sklearn.feature_selection._univariate_selection.SelectPercentile'>,"DecisionTreeClassifier(max_depth=10, max_leaf_nodes=5)",{},0.014989852905273438,0.7306064393141842,0.7345203568994754,0.6022364217252396,0.5889710062535531,17,"['Partner', 'PaperlessBilling', 'Dependents', 'PaymentMethod', 'InternetService', 'StreamingMovies', 'MonthlyCharges', 'OnlineSecurity', 'gender', 'SeniorCitizen', 'PhoneService', 'TotalCharges', 'StreamingTV', 'TechSupport', 'OnlineBackup', 'MultipleLines', 'DeviceProtection']"
F1C,<class 'sklearn.feature_selection._univariate_selection.SelectPercentile'>,"XGBClassifier(base_score=None, booster=None, callbacks=None,
              colsample_bylevel=None, colsample_bynode=None,
              colsample_bytree=None, early_stopping_rounds=None,
              enable_categorical=False, eval_metric=None, feature_types=None,
              gamma=None, gpu_id=None, grow_policy=None, importance_type=None,
              interaction_constraints=None, learning_rate=None, max_bin=None,
              max_cat_threshold=None, max_cat_to_onehot=None,
              max_delta_step=None, max_depth=None, max_leaves=None,
              min_child_weight=None, missing=nan, monotone_constraints=None,
              n_estimators=100, n_jobs=None, num_parallel_tree=None,
              predictor=None, random_state=42, ...)",{},0.016954660415649414,0.7178413513458443,0.7232149932192722,0.589585172109444,0.5799522673031026,17,"['Partner', 'PaperlessBilling', 'Dependents', 'PaymentMethod', 'InternetService', 'StreamingMovies', 'MonthlyCharges', 'OnlineSecurity', 'gender', 'SeniorCitizen', 'PhoneService', 'TotalCharges', 'StreamingTV', 'TechSupport', 'OnlineBackup', 'MultipleLines', 'DeviceProtection']"
F1C,<class 'sklearn.feature_selection._univariate_selection.SelectPercentile'>,LogisticRegression(),{},0.019946575164794922,0.7705680189633977,0.7345203568994754,0.6449746926970354,0.5889710062535531,17,"['Partner', 'PaperlessBilling', 'Dependents', 'PaymentMethod', 'InternetService', 'StreamingMovies', 'MonthlyCharges', 'OnlineSecurity', 'gender', 'SeniorCitizen', 'PhoneService', 'TotalCharges', 'StreamingTV', 'TechSupport', 'OnlineBackup', 'MultipleLines', 'DeviceProtection']"
F1C,<class 'sklearn.feature_selection._univariate_selection.SelectPercentile'>,LogisticRegression(max_iter=1000),{},0.012965202331542969,0.771100062713242,0.7345203568994754,0.646288209606987,0.5889710062535531,17,"['Partner', 'PaperlessBilling', 'Dependents', 'PaymentMethod', 'InternetService', 'StreamingMovies', 'MonthlyCharges', 'OnlineSecurity', 'gender', 'SeniorCitizen', 'PhoneService', 'TotalCharges', 'StreamingTV', 'TechSupport', 'OnlineBackup', 'MultipleLines', 'DeviceProtection']"
F1C,<class 'sklearn.feature_selection._univariate_selection.GenericUnivariateSelect'>,RandomForestClassifier(n_estimators=10),{},0.013962268829345703,0.6878855902176398,0.7345203568994754,0.5454545454545455,0.5889710062535531,18,"['Partner', 'PaperlessBilling', 'Dependents', 'PaymentMethod', 'InternetService', 'StreamingMovies', 'MonthlyCharges', 'OnlineSecurity', 'gender', 'SeniorCitizen', 'PhoneService', 'TotalCharges', 'StreamingTV', 'TechSupport', 'OnlineBackup', 'tenure', 'MultipleLines', 'DeviceProtection']"
F1C,<class 'sklearn.feature_selection._univariate_selection.GenericUnivariateSelect'>,RandomForestClassifier(n_estimators=50),{},0.01495981216430664,0.7113436255498728,0.7345203568994754,0.5793581960104076,0.5889710062535531,18,"['Partner', 'PaperlessBilling', 'Dependents', 'PaymentMethod', 'InternetService', 'StreamingMovies', 'MonthlyCharges', 'OnlineSecurity', 'gender', 'SeniorCitizen', 'PhoneService', 'TotalCharges', 'StreamingTV', 'TechSupport', 'OnlineBackup', 'tenure', 'MultipleLines', 'DeviceProtection']"
F1C,<class 'sklearn.feature_selection._univariate_selection.GenericUnivariateSelect'>,RandomForestClassifier(),{},0.015577077865600586,0.7146207886473184,0.7345203568994754,0.5836909871244635,0.5889710062535531,18,"['Partner', 'PaperlessBilling', 'Dependents', 'PaymentMethod', 'InternetService', 'StreamingMovies', 'MonthlyCharges', 'OnlineSecurity', 'gender', 'SeniorCitizen', 'PhoneService', 'TotalCharges', 'StreamingTV', 'TechSupport', 'OnlineBackup', 'tenure', 'MultipleLines', 'DeviceProtection']"
F1C,<class 'sklearn.feature_selection._univariate_selection.GenericUnivariateSelect'>,<catboost.core.CatBoostClassifier object at 0x0000019BF5995970>,{},0.015517950057983398,0.7502456457313111,0.7345203568994754,0.6306306306306306,0.5889710062535531,18,"['Partner', 'PaperlessBilling', 'Dependents', 'PaymentMethod', 'InternetService', 'StreamingMovies', 'MonthlyCharges', 'OnlineSecurity', 'gender', 'SeniorCitizen', 'PhoneService', 'TotalCharges', 'StreamingTV', 'TechSupport', 'OnlineBackup', 'tenure', 'MultipleLines', 'DeviceProtection']"
F1C,<class 'sklearn.feature_selection._univariate_selection.GenericUnivariateSelect'>,<catboost.core.CatBoostClassifier object at 0x0000019BF59959D0>,{},0.013992547988891602,0.7269194893285609,0.7345203568994754,0.6008510638297873,0.5889710062535531,18,"['Partner', 'PaperlessBilling', 'Dependents', 'PaymentMethod', 'InternetService', 'StreamingMovies', 'MonthlyCharges', 'OnlineSecurity', 'gender', 'SeniorCitizen', 'PhoneService', 'TotalCharges', 'StreamingTV', 'TechSupport', 'OnlineBackup', 'tenure', 'MultipleLines', 'DeviceProtection']"
F1C,<class 'sklearn.feature_selection._univariate_selection.GenericUnivariateSelect'>,<catboost.core.CatBoostClassifier object at 0x0000019BF5995A30>,{},0.014960289001464844,0.7348486392132092,0.7345203568994754,0.6124893071000855,0.5889710062535531,18,"['Partner', 'PaperlessBilling', 'Dependents', 'PaymentMethod', 'InternetService', 'StreamingMovies', 'MonthlyCharges', 'OnlineSecurity', 'gender', 'SeniorCitizen', 'PhoneService', 'TotalCharges', 'StreamingTV', 'TechSupport', 'OnlineBackup', 'tenure', 'MultipleLines', 'DeviceProtection']"
F1C,<class 'sklearn.feature_selection._univariate_selection.GenericUnivariateSelect'>,DecisionTreeClassifier(),{},0.01396322250366211,0.676731349602552,0.7345203568994754,0.5298013245033113,0.5889710062535531,18,"['Partner', 'PaperlessBilling', 'Dependents', 'PaymentMethod', 'InternetService', 'StreamingMovies', 'MonthlyCharges', 'OnlineSecurity', 'gender', 'SeniorCitizen', 'PhoneService', 'TotalCharges', 'StreamingTV', 'TechSupport', 'OnlineBackup', 'tenure', 'MultipleLines', 'DeviceProtection']"
F1C,<class 'sklearn.feature_selection._univariate_selection.GenericUnivariateSelect'>,"DecisionTreeClassifier(max_depth=1, max_leaf_nodes=3)",{},0.014931917190551758,0.7345203568994754,0.7345203568994754,0.5889710062535531,0.5889710062535531,18,"['Partner', 'PaperlessBilling', 'Dependents', 'PaymentMethod', 'InternetService', 'StreamingMovies', 'MonthlyCharges', 'OnlineSecurity', 'gender', 'SeniorCitizen', 'PhoneService', 'TotalCharges', 'StreamingTV', 'TechSupport', 'OnlineBackup', 'tenure', 'MultipleLines', 'DeviceProtection']"
F1C,<class 'sklearn.feature_selection._univariate_selection.GenericUnivariateSelect'>,"DecisionTreeClassifier(max_depth=10, max_leaf_nodes=5)",{},0.014959573745727539,0.7306064393141842,0.7345203568994754,0.6022364217252396,0.5889710062535531,18,"['Partner', 'PaperlessBilling', 'Dependents', 'PaymentMethod', 'InternetService', 'StreamingMovies', 'MonthlyCharges', 'OnlineSecurity', 'gender', 'SeniorCitizen', 'PhoneService', 'TotalCharges', 'StreamingTV', 'TechSupport', 'OnlineBackup', 'tenure', 'MultipleLines', 'DeviceProtection']"
F1C,<class 'sklearn.feature_selection._univariate_selection.GenericUnivariateSelect'>,"XGBClassifier(base_score=None, booster=None, callbacks=None,
              colsample_bylevel=None, colsample_bynode=None,
              colsample_bytree=None, early_stopping_rounds=None,
              enable_categorical=False, eval_metric=None, feature_types=None,
              gamma=None, gpu_id=None, grow_policy=None, importance_type=None,
              interaction_constraints=None, learning_rate=None, max_bin=None,
              max_cat_threshold=None, max_cat_to_onehot=None,
              max_delta_step=None, max_depth=None, max_leaves=None,
              min_child_weight=None, missing=nan, monotone_constraints=None,
              n_estimators=100, n_jobs=None, num_parallel_tree=None,
              predictor=None, random_state=42, ...)",{},0.018950939178466797,0.7178413513458443,0.7345203568994754,0.589585172109444,0.5889710062535531,18,"['Partner', 'PaperlessBilling', 'Dependents', 'PaymentMethod', 'InternetService', 'StreamingMovies', 'MonthlyCharges', 'OnlineSecurity', 'gender', 'SeniorCitizen', 'PhoneService', 'TotalCharges', 'StreamingTV', 'TechSupport', 'OnlineBackup', 'tenure', 'MultipleLines', 'DeviceProtection']"
F1C,<class 'sklearn.feature_selection._univariate_selection.GenericUnivariateSelect'>,LogisticRegression(),{},0.016954660415649414,0.7705680189633977,0.7345203568994754,0.6449746926970354,0.5889710062535531,18,"['Partner', 'PaperlessBilling', 'Dependents', 'PaymentMethod', 'InternetService', 'StreamingMovies', 'MonthlyCharges', 'OnlineSecurity', 'gender', 'SeniorCitizen', 'PhoneService', 'TotalCharges', 'StreamingTV', 'TechSupport', 'OnlineBackup', 'tenure', 'MultipleLines', 'DeviceProtection']"
F1C,<class 'sklearn.feature_selection._univariate_selection.GenericUnivariateSelect'>,LogisticRegression(max_iter=1000),{},0.01446843147277832,0.771100062713242,0.7345203568994754,0.646288209606987,0.5889710062535531,18,"['Partner', 'PaperlessBilling', 'Dependents', 'PaymentMethod', 'InternetService', 'StreamingMovies', 'MonthlyCharges', 'OnlineSecurity', 'gender', 'SeniorCitizen', 'PhoneService', 'TotalCharges', 'StreamingTV', 'TechSupport', 'OnlineBackup', 'tenure', 'MultipleLines', 'DeviceProtection']"
F1R,<class 'sklearn.feature_selection._univariate_selection.SelectFdr'>,RandomForestClassifier(n_estimators=10),{},0.021941661834716797,0.7023832163969091,0.6982349731600908,0.5670840787119857,0.5610859728506787,2,"['PhoneService', 'SeniorCitizen']"
F1R,<class 'sklearn.feature_selection._univariate_selection.SelectFdr'>,RandomForestClassifier(n_estimators=50),{},0.01293635368347168,0.7161133411668286,0.7116543617399416,0.5866900175131349,0.5801928133216476,2,"['PhoneService', 'SeniorCitizen']"
F1R,<class 'sklearn.feature_selection._univariate_selection.SelectFdr'>,RandomForestClassifier(),{},0.01476287841796875,0.7148279461073641,0.7162310699965813,0.5842696629213484,0.5865970409051349,2,"['PhoneService', 'SeniorCitizen']"
F1R,<class 'sklearn.feature_selection._univariate_selection.SelectFdr'>,<catboost.core.CatBoostClassifier object at 0x0000019BF5995970>,{},0.015998363494873047,0.7502456457313111,0.7472039402933712,0.6306306306306306,0.6263286999182338,2,"['PhoneService', 'SeniorCitizen']"
F1R,<class 'sklearn.feature_selection._univariate_selection.SelectFdr'>,<catboost.core.CatBoostClassifier object at 0x0000019BF59959D0>,{},0.012965679168701172,0.7269194893285609,0.7340952879035891,0.6008510638297873,0.6110638297872341,2,"['PhoneService', 'SeniorCitizen']"
F1R,<class 'sklearn.feature_selection._univariate_selection.SelectFdr'>,<catboost.core.CatBoostClassifier object at 0x0000019BF5995A30>,{},0.013962745666503906,0.7348486392132092,0.7295327297466793,0.6124893071000855,0.6044142614601019,2,"['PhoneService', 'SeniorCitizen']"
F1R,<class 'sklearn.feature_selection._univariate_selection.SelectFdr'>,DecisionTreeClassifier(),{},0.013594627380371094,0.676641920972259,0.6666032742198766,0.5298446443172526,0.5154811715481171,2,"['PhoneService', 'SeniorCitizen']"
F1R,<class 'sklearn.feature_selection._univariate_selection.SelectFdr'>,"DecisionTreeClassifier(max_depth=1, max_leaf_nodes=3)",{},0.013554573059082031,0.7345203568994754,0.7345203568994754,0.5889710062535531,0.5889710062535531,2,"['PhoneService', 'SeniorCitizen']"
F1R,<class 'sklearn.feature_selection._univariate_selection.SelectFdr'>,"DecisionTreeClassifier(max_depth=10, max_leaf_nodes=5)",{},0.011996030807495117,0.7306064393141842,0.7306064393141842,0.6022364217252396,0.6022364217252396,2,"['PhoneService', 'SeniorCitizen']"
F1R,<class 'sklearn.feature_selection._univariate_selection.SelectFdr'>,"XGBClassifier(base_score=None, booster=None, callbacks=None,
              colsample_bylevel=None, colsample_bynode=None,
              colsample_bytree=None, early_stopping_rounds=None,
              enable_categorical=False, eval_metric=None, feature_types=None,
              gamma=None, gpu_id=None, grow_policy=None, importance_type=None,
              interaction_constraints=None, learning_rate=None, max_bin=None,
              max_cat_threshold=None, max_cat_to_onehot=None,
              max_delta_step=None, max_depth=None, max_leaves=None,
              min_child_weight=None, missing=nan, monotone_constraints=None,
              n_estimators=100, n_jobs=None, num_parallel_tree=None,
              predictor=None, random_state=42, ...)",{},0.014856338500976562,0.7178413513458443,0.7139427158682614,0.589585172109444,0.5834061135371179,2,"['PhoneService', 'SeniorCitizen']"
F1R,<class 'sklearn.feature_selection._univariate_selection.SelectFdr'>,LogisticRegression(),{},0.015958547592163086,0.7705680189633977,0.7688258586846519,0.6449746926970354,0.6430123099203476,2,"['PhoneService', 'SeniorCitizen']"
F1R,<class 'sklearn.feature_selection._univariate_selection.SelectFdr'>,LogisticRegression(max_iter=1000),{},0.011967897415161133,0.771100062713242,0.756188121613881,0.646288209606987,0.6289493019838355,2,"['PhoneService', 'SeniorCitizen']"
F1R,<class 'sklearn.feature_selection._univariate_selection.SelectFpr'>,RandomForestClassifier(n_estimators=10),{},0.011968612670898438,0.699548668419015,0.6917983757949526,0.5629496402877698,0.5514705882352942,2,"['PhoneService', 'SeniorCitizen']"
F1R,<class 'sklearn.feature_selection._univariate_selection.SelectFpr'>,RandomForestClassifier(n_estimators=50),{},0.013645648956298828,0.709055271421553,0.7115224828104588,0.5761531766753699,0.5805877114870881,2,"['PhoneService', 'SeniorCitizen']"
F1R,<class 'sklearn.feature_selection._univariate_selection.SelectFpr'>,RandomForestClassifier(),{},0.014959573745727539,0.7155812974169842,0.719494082994297,0.5855777584708949,0.591304347826087,2,"['PhoneService', 'SeniorCitizen']"
F1R,<class 'sklearn.feature_selection._univariate_selection.SelectFpr'>,<catboost.core.CatBoostClassifier object at 0x0000019BF5995970>,{},0.014540910720825195,0.7502456457313111,0.7472039402933712,0.6306306306306306,0.6263286999182338,2,"['PhoneService', 'SeniorCitizen']"
F1R,<class 'sklearn.feature_selection._univariate_selection.SelectFpr'>,<catboost.core.CatBoostClassifier object at 0x0000019BF59959D0>,{},0.012965917587280273,0.7269194893285609,0.7340952879035891,0.6008510638297873,0.6110638297872341,2,"['PhoneService', 'SeniorCitizen']"
F1R,<class 'sklearn.feature_selection._univariate_selection.SelectFpr'>,<catboost.core.CatBoostClassifier object at 0x0000019BF5995A30>,{},0.013962745666503906,0.7348486392132092,0.7295327297466793,0.6124893071000855,0.6044142614601019,2,"['PhoneService', 'SeniorCitizen']"
F1R,<class 'sklearn.feature_selection._univariate_selection.SelectFpr'>,DecisionTreeClassifier(),{},0.01296544075012207,0.6691270860077022,0.6657463441802338,0.5193734542456718,0.5145228215767635,2,"['PhoneService', 'SeniorCitizen']"
F1R,<class 'sklearn.feature_selection._univariate_selection.SelectFpr'>,"DecisionTreeClassifier(max_depth=1, max_leaf_nodes=3)",{},0.013637065887451172,0.7345203568994754,0.7345203568994754,0.5889710062535531,0.5889710062535531,2,"['PhoneService', 'SeniorCitizen']"
F1R,<class 'sklearn.feature_selection._univariate_selection.SelectFpr'>,"DecisionTreeClassifier(max_depth=10, max_leaf_nodes=5)",{},0.01291799545288086,0.7306064393141842,0.7306064393141842,0.6022364217252396,0.6022364217252396,2,"['PhoneService', 'SeniorCitizen']"
F1R,<class 'sklearn.feature_selection._univariate_selection.SelectFpr'>,"XGBClassifier(base_score=None, booster=None, callbacks=None,
              colsample_bylevel=None, colsample_bynode=None,
              colsample_bytree=None, early_stopping_rounds=None,
              enable_categorical=False, eval_metric=None, feature_types=None,
              gamma=None, gpu_id=None, grow_policy=None, importance_type=None,
              interaction_constraints=None, learning_rate=None, max_bin=None,
              max_cat_threshold=None, max_cat_to_onehot=None,
              max_delta_step=None, max_depth=None, max_leaves=None,
              min_child_weight=None, missing=nan, monotone_constraints=None,
              n_estimators=100, n_jobs=None, num_parallel_tree=None,
              predictor=None, random_state=42, ...)",{},0.013816595077514648,0.7178413513458443,0.7139427158682614,0.589585172109444,0.5834061135371179,2,"['PhoneService', 'SeniorCitizen']"
F1R,<class 'sklearn.feature_selection._univariate_selection.SelectFpr'>,LogisticRegression(),{},0.015957355499267578,0.7705680189633977,0.7688258586846519,0.6449746926970354,0.6430123099203476,2,"['PhoneService', 'SeniorCitizen']"
F1R,<class 'sklearn.feature_selection._univariate_selection.SelectFpr'>,LogisticRegression(max_iter=1000),{},0.012584924697875977,0.771100062713242,0.756188121613881,0.646288209606987,0.6289493019838355,2,"['PhoneService', 'SeniorCitizen']"
F1R,<class 'sklearn.feature_selection._univariate_selection.SelectFwe'>,RandomForestClassifier(n_estimators=10),{},0.012967109680175781,0.7025762237572251,0.710651402671086,0.5677888989990901,0.5793226381461676,3,"['PhoneService', 'TotalCharges', 'SeniorCitizen']"
F1R,<class 'sklearn.feature_selection._univariate_selection.SelectFwe'>,RandomForestClassifier(n_estimators=50),{},0.012967824935913086,0.717973230275327,0.7113436255498728,0.5890529973935709,0.5793581960104076,3,"['PhoneService', 'TotalCharges', 'SeniorCitizen']"
F1R,<class 'sklearn.feature_selection._univariate_selection.SelectFwe'>,RandomForestClassifier(),{},0.014498472213745117,0.7119933981294699,0.722342781071921,0.580364900086881,0.5946872322193659,3,"['PhoneService', 'TotalCharges', 'SeniorCitizen']"
F1R,<class 'sklearn.feature_selection._univariate_selection.SelectFwe'>,<catboost.core.CatBoostClassifier object at 0x0000019BF5995970>,{},0.014538764953613281,0.7502456457313111,0.7401458705480957,0.6306306306306306,0.6162601626016261,3,"['PhoneService', 'TotalCharges', 'SeniorCitizen']"
F1R,<class 'sklearn.feature_selection._univariate_selection.SelectFwe'>,<catboost.core.CatBoostClassifier object at 0x0000019BF59959D0>,{},0.012964963912963867,0.7269194893285609,0.7380363736803617,0.6008510638297873,0.6153846153846154,3,"['PhoneService', 'TotalCharges', 'SeniorCitizen']"
F1R,<class 'sklearn.feature_selection._univariate_selection.SelectFwe'>,<catboost.core.CatBoostClassifier object at 0x0000019BF5995A30>,{},0.011968374252319336,0.7348486392132092,0.7373866011007646,0.6124893071000855,0.6143572621035058,3,"['PhoneService', 'TotalCharges', 'SeniorCitizen']"
F1R,<class 'sklearn.feature_selection._univariate_selection.SelectFwe'>,DecisionTreeClassifier(),{},0.012961864471435547,0.6731293002153078,0.6523411057001129,0.5246449456975774,0.49491525423728816,3,"['PhoneService', 'TotalCharges', 'SeniorCitizen']"
F1R,<class 'sklearn.feature_selection._univariate_selection.SelectFwe'>,"DecisionTreeClassifier(max_depth=1, max_leaf_nodes=3)",{},0.01296544075012207,0.7345203568994754,0.7345203568994754,0.5889710062535531,0.5889710062535531,3,"['PhoneService', 'TotalCharges', 'SeniorCitizen']"
F1R,<class 'sklearn.feature_selection._univariate_selection.SelectFwe'>,"DecisionTreeClassifier(max_depth=10, max_leaf_nodes=5)",{},0.011968135833740234,0.7306064393141842,0.7306064393141842,0.6022364217252396,0.6022364217252396,3,"['PhoneService', 'TotalCharges', 'SeniorCitizen']"
F1R,<class 'sklearn.feature_selection._univariate_selection.SelectFwe'>,"XGBClassifier(base_score=None, booster=None, callbacks=None,
              colsample_bylevel=None, colsample_bynode=None,
              colsample_bytree=None, early_stopping_rounds=None,
              enable_categorical=False, eval_metric=None, feature_types=None,
              gamma=None, gpu_id=None, grow_policy=None, importance_type=None,
              interaction_constraints=None, learning_rate=None, max_bin=None,
              max_cat_threshold=None, max_cat_to_onehot=None,
              max_delta_step=None, max_depth=None, max_leaves=None,
              min_child_weight=None, missing=nan, monotone_constraints=None,
              n_estimators=100, n_jobs=None, num_parallel_tree=None,
              predictor=None, random_state=42, ...)",{},0.014230489730834961,0.7178413513458443,0.7201721557733539,0.589585172109444,0.5914529914529915,3,"['PhoneService', 'TotalCharges', 'SeniorCitizen']"
F1R,<class 'sklearn.feature_selection._univariate_selection.SelectFwe'>,LogisticRegression(),{},0.01595759391784668,0.7705680189633977,0.7521859074062753,0.6449746926970354,0.6230936819172114,3,"['PhoneService', 'TotalCharges', 'SeniorCitizen']"
F1R,<class 'sklearn.feature_selection._univariate_selection.SelectFwe'>,LogisticRegression(max_iter=1000),{},0.012966156005859375,0.771100062713242,0.7516397135567011,0.646288209606987,0.6225454545454545,3,"['PhoneService', 'TotalCharges', 'SeniorCitizen']"
F1R,<class 'sklearn.feature_selection._univariate_selection.SelectKBest'>,RandomForestClassifier(n_estimators=10),{},0.01296544075012207,0.6843259911295855,0.7092624288815987,0.54005400540054,0.5766871165644172,9,"['PaperlessBilling', 'StreamingTV', 'PaymentMethod', 'InternetService', 'StreamingMovies', 'MultipleLines', 'PhoneService', 'SeniorCitizen', 'TotalCharges']"
F1R,<class 'sklearn.feature_selection._univariate_selection.SelectKBest'>,RandomForestClassifier(n_estimators=50),{},0.014880180358886719,0.7191691967044984,0.7107221531697355,0.5907906168549089,0.5777400169923533,9,"['PaperlessBilling', 'StreamingTV', 'PaymentMethod', 'InternetService', 'StreamingMovies', 'MultipleLines', 'PhoneService', 'SeniorCitizen', 'TotalCharges']"
F1R,<class 'sklearn.feature_selection._univariate_selection.SelectKBest'>,RandomForestClassifier(),{},0.014932632446289062,0.720158005673624,0.7142064737272268,0.5918895599654874,0.5825571549534292,9,"['PaperlessBilling', 'StreamingTV', 'PaymentMethod', 'InternetService', 'StreamingMovies', 'MultipleLines', 'PhoneService', 'SeniorCitizen', 'TotalCharges']"
F1R,<class 'sklearn.feature_selection._univariate_selection.SelectKBest'>,<catboost.core.CatBoostClassifier object at 0x0000019BF5995970>,{},0.015572071075439453,0.7502456457313111,0.7480138920019108,0.6306306306306306,0.6249008723235527,9,"['PaperlessBilling', 'StreamingTV', 'PaymentMethod', 'InternetService', 'StreamingMovies', 'MultipleLines', 'PhoneService', 'SeniorCitizen', 'TotalCharges']"
F1R,<class 'sklearn.feature_selection._univariate_selection.SelectKBest'>,<catboost.core.CatBoostClassifier object at 0x0000019BF59959D0>,{},0.011968612670898438,0.7269194893285609,0.7408992218577157,0.6008510638297873,0.6176470588235295,9,"['PaperlessBilling', 'StreamingTV', 'PaymentMethod', 'InternetService', 'StreamingMovies', 'MultipleLines', 'PhoneService', 'SeniorCitizen', 'TotalCharges']"
F1R,<class 'sklearn.feature_selection._univariate_selection.SelectKBest'>,<catboost.core.CatBoostClassifier object at 0x0000019BF5995A30>,{},0.011968135833740234,0.7348486392132092,0.7385214390991028,0.6124893071000855,0.6137651821862349,9,"['PaperlessBilling', 'StreamingTV', 'PaymentMethod', 'InternetService', 'StreamingMovies', 'MultipleLines', 'PhoneService', 'SeniorCitizen', 'TotalCharges']"
F1R,<class 'sklearn.feature_selection._univariate_selection.SelectKBest'>,DecisionTreeClassifier(),{},0.012967586517333984,0.6759779982929319,0.6667493032490893,0.528830313014827,0.5163398692810457,9,"['PaperlessBilling', 'StreamingTV', 'PaymentMethod', 'InternetService', 'StreamingMovies', 'MultipleLines', 'PhoneService', 'SeniorCitizen', 'TotalCharges']"
F1R,<class 'sklearn.feature_selection._univariate_selection.SelectKBest'>,"DecisionTreeClassifier(max_depth=1, max_leaf_nodes=3)",{},0.012932777404785156,0.7345203568994754,0.7345203568994754,0.5889710062535531,0.5889710062535531,9,"['PaperlessBilling', 'StreamingTV', 'PaymentMethod', 'InternetService', 'StreamingMovies', 'MultipleLines', 'PhoneService', 'SeniorCitizen', 'TotalCharges']"
F1R,<class 'sklearn.feature_selection._univariate_selection.SelectKBest'>,"DecisionTreeClassifier(max_depth=10, max_leaf_nodes=5)",{},0.011968374252319336,0.7306064393141842,0.7306064393141842,0.6022364217252396,0.6022364217252396,9,"['PaperlessBilling', 'StreamingTV', 'PaymentMethod', 'InternetService', 'StreamingMovies', 'MultipleLines', 'PhoneService', 'SeniorCitizen', 'TotalCharges']"
F1R,<class 'sklearn.feature_selection._univariate_selection.SelectKBest'>,"XGBClassifier(base_score=None, booster=None, callbacks=None,
              colsample_bylevel=None, colsample_bynode=None,
              colsample_bytree=None, early_stopping_rounds=None,
              enable_categorical=False, eval_metric=None, feature_types=None,
              gamma=None, gpu_id=None, grow_policy=None, importance_type=None,
              interaction_constraints=None, learning_rate=None, max_bin=None,
              max_cat_threshold=None, max_cat_to_onehot=None,
              max_delta_step=None, max_depth=None, max_leaves=None,
              min_child_weight=None, missing=nan, monotone_constraints=None,
              n_estimators=100, n_jobs=None, num_parallel_tree=None,
              predictor=None, random_state=42, ...)",{},0.013142824172973633,0.7178413513458443,0.7415631445370428,0.589585172109444,0.6180048661800487,9,"['PaperlessBilling', 'StreamingTV', 'PaymentMethod', 'InternetService', 'StreamingMovies', 'MultipleLines', 'PhoneService', 'SeniorCitizen', 'TotalCharges']"
F1R,<class 'sklearn.feature_selection._univariate_selection.SelectKBest'>,LogisticRegression(),{},0.01495981216430664,0.7705680189633977,0.7564377293731166,0.6449746926970354,0.6277056277056278,9,"['PaperlessBilling', 'StreamingTV', 'PaymentMethod', 'InternetService', 'StreamingMovies', 'MultipleLines', 'PhoneService', 'SeniorCitizen', 'TotalCharges']"
F1R,<class 'sklearn.feature_selection._univariate_selection.SelectKBest'>,LogisticRegression(max_iter=1000),{},0.01194143295288086,0.771100062713242,0.7564377293731166,0.646288209606987,0.6277056277056278,9,"['PaperlessBilling', 'StreamingTV', 'PaymentMethod', 'InternetService', 'StreamingMovies', 'MultipleLines', 'PhoneService', 'SeniorCitizen', 'TotalCharges']"
F1R,<class 'sklearn.feature_selection._univariate_selection.SelectPercentile'>,RandomForestClassifier(n_estimators=10),{},0.01296544075012207,0.7019689014768176,0.7237470369691166,0.566137566137566,0.5806838632273545,17,"['Partner', 'PaperlessBilling', 'Dependents', 'PaymentMethod', 'InternetService', 'StreamingMovies', 'MonthlyCharges', 'OnlineSecurity', 'gender', 'SeniorCitizen', 'PhoneService', 'TotalCharges', 'StreamingTV', 'TechSupport', 'OnlineBackup', 'MultipleLines', 'DeviceProtection']"
F1R,<class 'sklearn.feature_selection._univariate_selection.SelectPercentile'>,RandomForestClassifier(n_estimators=50),{},0.01509237289428711,0.7110328893598041,0.7232149932192722,0.5785407725321887,0.5799522673031026,17,"['Partner', 'PaperlessBilling', 'Dependents', 'PaymentMethod', 'InternetService', 'StreamingMovies', 'MonthlyCharges', 'OnlineSecurity', 'gender', 'SeniorCitizen', 'PhoneService', 'TotalCharges', 'StreamingTV', 'TechSupport', 'OnlineBackup', 'MultipleLines', 'DeviceProtection']"
F1R,<class 'sklearn.feature_selection._univariate_selection.SelectPercentile'>,RandomForestClassifier(),{},0.013588905334472656,0.7171163002356841,0.7232149932192722,0.5874246339362619,0.5799522673031026,17,"['Partner', 'PaperlessBilling', 'Dependents', 'PaymentMethod', 'InternetService', 'StreamingMovies', 'MonthlyCharges', 'OnlineSecurity', 'gender', 'SeniorCitizen', 'PhoneService', 'TotalCharges', 'StreamingTV', 'TechSupport', 'OnlineBackup', 'MultipleLines', 'DeviceProtection']"
F1R,<class 'sklearn.feature_selection._univariate_selection.SelectPercentile'>,<catboost.core.CatBoostClassifier object at 0x0000019BF5995970>,{},0.013935089111328125,0.7502456457313111,0.7359704591197959,0.6306306306306306,0.5918966529653552,17,"['Partner', 'PaperlessBilling', 'Dependents', 'PaymentMethod', 'InternetService', 'StreamingMovies', 'MonthlyCharges', 'OnlineSecurity', 'gender', 'SeniorCitizen', 'PhoneService', 'TotalCharges', 'StreamingTV', 'TechSupport', 'OnlineBackup', 'MultipleLines', 'DeviceProtection']"
F1R,<class 'sklearn.feature_selection._univariate_selection.SelectPercentile'>,<catboost.core.CatBoostClassifier object at 0x0000019BF59959D0>,{},0.011968851089477539,0.7269194893285609,0.7359704591197959,0.6008510638297873,0.5918966529653552,17,"['Partner', 'PaperlessBilling', 'Dependents', 'PaymentMethod', 'InternetService', 'StreamingMovies', 'MonthlyCharges', 'OnlineSecurity', 'gender', 'SeniorCitizen', 'PhoneService', 'TotalCharges', 'StreamingTV', 'TechSupport', 'OnlineBackup', 'MultipleLines', 'DeviceProtection']"
F1R,<class 'sklearn.feature_selection._univariate_selection.SelectPercentile'>,<catboost.core.CatBoostClassifier object at 0x0000019BF5995A30>,{},0.011970758438110352,0.7348486392132092,0.7359704591197959,0.6124893071000855,0.5918966529653552,17,"['Partner', 'PaperlessBilling', 'Dependents', 'PaymentMethod', 'InternetService', 'StreamingMovies', 'MonthlyCharges', 'OnlineSecurity', 'gender', 'SeniorCitizen', 'PhoneService', 'TotalCharges', 'StreamingTV', 'TechSupport', 'OnlineBackup', 'MultipleLines', 'DeviceProtection']"
F1R,<class 'sklearn.feature_selection._univariate_selection.SelectPercentile'>,DecisionTreeClassifier(),{},0.011967897415161133,0.6717261763260908,0.7232149932192722,0.5228215767634855,0.5799522673031026,17,"['Partner', 'PaperlessBilling', 'Dependents', 'PaymentMethod', 'InternetService', 'StreamingMovies', 'MonthlyCharges', 'OnlineSecurity', 'gender', 'SeniorCitizen', 'PhoneService', 'TotalCharges', 'StreamingTV', 'TechSupport', 'OnlineBackup', 'MultipleLines', 'DeviceProtection']"
F1R,<class 'sklearn.feature_selection._univariate_selection.SelectPercentile'>,"DecisionTreeClassifier(max_depth=1, max_leaf_nodes=3)",{},0.012964010238647461,0.7345203568994754,0.7345203568994754,0.5889710062535531,0.5889710062535531,17,"['Partner', 'PaperlessBilling', 'Dependents', 'PaymentMethod', 'InternetService', 'StreamingMovies', 'MonthlyCharges', 'OnlineSecurity', 'gender', 'SeniorCitizen', 'PhoneService', 'TotalCharges', 'StreamingTV', 'TechSupport', 'OnlineBackup', 'MultipleLines', 'DeviceProtection']"
F1R,<class 'sklearn.feature_selection._univariate_selection.SelectPercentile'>,"DecisionTreeClassifier(max_depth=10, max_leaf_nodes=5)",{},0.01317286491394043,0.7306064393141842,0.7345203568994754,0.6022364217252396,0.5889710062535531,17,"['Partner', 'PaperlessBilling', 'Dependents', 'PaymentMethod', 'InternetService', 'StreamingMovies', 'MonthlyCharges', 'OnlineSecurity', 'gender', 'SeniorCitizen', 'PhoneService', 'TotalCharges', 'StreamingTV', 'TechSupport', 'OnlineBackup', 'MultipleLines', 'DeviceProtection']"
F1R,<class 'sklearn.feature_selection._univariate_selection.SelectPercentile'>,"XGBClassifier(base_score=None, booster=None, callbacks=None,
              colsample_bylevel=None, colsample_bynode=None,
              colsample_bytree=None, early_stopping_rounds=None,
              enable_categorical=False, eval_metric=None, feature_types=None,
              gamma=None, gpu_id=None, grow_policy=None, importance_type=None,
              interaction_constraints=None, learning_rate=None, max_bin=None,
              max_cat_threshold=None, max_cat_to_onehot=None,
              max_delta_step=None, max_depth=None, max_leaves=None,
              min_child_weight=None, missing=nan, monotone_constraints=None,
              n_estimators=100, n_jobs=None, num_parallel_tree=None,
              predictor=None, random_state=42, ...)",{},0.013877153396606445,0.7178413513458443,0.7232149932192722,0.589585172109444,0.5799522673031026,17,"['Partner', 'PaperlessBilling', 'Dependents', 'PaymentMethod', 'InternetService', 'StreamingMovies', 'MonthlyCharges', 'OnlineSecurity', 'gender', 'SeniorCitizen', 'PhoneService', 'TotalCharges', 'StreamingTV', 'TechSupport', 'OnlineBackup', 'MultipleLines', 'DeviceProtection']"
F1R,<class 'sklearn.feature_selection._univariate_selection.SelectPercentile'>,LogisticRegression(),{},0.016955137252807617,0.7705680189633977,0.7345203568994754,0.6449746926970354,0.5889710062535531,17,"['Partner', 'PaperlessBilling', 'Dependents', 'PaymentMethod', 'InternetService', 'StreamingMovies', 'MonthlyCharges', 'OnlineSecurity', 'gender', 'SeniorCitizen', 'PhoneService', 'TotalCharges', 'StreamingTV', 'TechSupport', 'OnlineBackup', 'MultipleLines', 'DeviceProtection']"
F1R,<class 'sklearn.feature_selection._univariate_selection.SelectPercentile'>,LogisticRegression(max_iter=1000),{},0.011967658996582031,0.771100062713242,0.7345203568994754,0.646288209606987,0.5889710062535531,17,"['Partner', 'PaperlessBilling', 'Dependents', 'PaymentMethod', 'InternetService', 'StreamingMovies', 'MonthlyCharges', 'OnlineSecurity', 'gender', 'SeniorCitizen', 'PhoneService', 'TotalCharges', 'StreamingTV', 'TechSupport', 'OnlineBackup', 'MultipleLines', 'DeviceProtection']"
F1R,<class 'sklearn.feature_selection._univariate_selection.GenericUnivariateSelect'>,RandomForestClassifier(n_estimators=10),{},0.013962507247924805,0.6880316192468524,0.7345203568994754,0.5456171735241503,0.5889710062535531,18,"['Partner', 'PaperlessBilling', 'Dependents', 'PaymentMethod', 'InternetService', 'StreamingMovies', 'MonthlyCharges', 'OnlineSecurity', 'gender', 'SeniorCitizen', 'PhoneService', 'TotalCharges', 'StreamingTV', 'TechSupport', 'OnlineBackup', 'tenure', 'MultipleLines', 'DeviceProtection']"
F1R,<class 'sklearn.feature_selection._univariate_selection.GenericUnivariateSelect'>,RandomForestClassifier(n_estimators=50),{},0.016064167022705078,0.7144747596181058,0.7345203568994754,0.5845070422535211,0.5889710062535531,18,"['Partner', 'PaperlessBilling', 'Dependents', 'PaymentMethod', 'InternetService', 'StreamingMovies', 'MonthlyCharges', 'OnlineSecurity', 'gender', 'SeniorCitizen', 'PhoneService', 'TotalCharges', 'StreamingTV', 'TechSupport', 'OnlineBackup', 'tenure', 'MultipleLines', 'DeviceProtection']"
F1R,<class 'sklearn.feature_selection._univariate_selection.GenericUnivariateSelect'>,RandomForestClassifier(),{},0.014959335327148438,0.7158026049767598,0.7345203568994754,0.5857885615251301,0.5889710062535531,18,"['Partner', 'PaperlessBilling', 'Dependents', 'PaymentMethod', 'InternetService', 'StreamingMovies', 'MonthlyCharges', 'OnlineSecurity', 'gender', 'SeniorCitizen', 'PhoneService', 'TotalCharges', 'StreamingTV', 'TechSupport', 'OnlineBackup', 'tenure', 'MultipleLines', 'DeviceProtection']"
F1R,<class 'sklearn.feature_selection._univariate_selection.GenericUnivariateSelect'>,<catboost.core.CatBoostClassifier object at 0x0000019BF5995970>,{},0.014847040176391602,0.7502456457313111,0.7345203568994754,0.6306306306306306,0.5889710062535531,18,"['Partner', 'PaperlessBilling', 'Dependents', 'PaymentMethod', 'InternetService', 'StreamingMovies', 'MonthlyCharges', 'OnlineSecurity', 'gender', 'SeniorCitizen', 'PhoneService', 'TotalCharges', 'StreamingTV', 'TechSupport', 'OnlineBackup', 'tenure', 'MultipleLines', 'DeviceProtection']"
F1R,<class 'sklearn.feature_selection._univariate_selection.GenericUnivariateSelect'>,<catboost.core.CatBoostClassifier object at 0x0000019BF59959D0>,{},0.012959957122802734,0.7269194893285609,0.7345203568994754,0.6008510638297873,0.5889710062535531,18,"['Partner', 'PaperlessBilling', 'Dependents', 'PaymentMethod', 'InternetService', 'StreamingMovies', 'MonthlyCharges', 'OnlineSecurity', 'gender', 'SeniorCitizen', 'PhoneService', 'TotalCharges', 'StreamingTV', 'TechSupport', 'OnlineBackup', 'tenure', 'MultipleLines', 'DeviceProtection']"
F1R,<class 'sklearn.feature_selection._univariate_selection.GenericUnivariateSelect'>,<catboost.core.CatBoostClassifier object at 0x0000019BF5995A30>,{},0.013962507247924805,0.7348486392132092,0.7345203568994754,0.6124893071000855,0.5889710062535531,18,"['Partner', 'PaperlessBilling', 'Dependents', 'PaymentMethod', 'InternetService', 'StreamingMovies', 'MonthlyCharges', 'OnlineSecurity', 'gender', 'SeniorCitizen', 'PhoneService', 'TotalCharges', 'StreamingTV', 'TechSupport', 'OnlineBackup', 'tenure', 'MultipleLines', 'DeviceProtection']"
F1R,<class 'sklearn.feature_selection._univariate_selection.GenericUnivariateSelect'>,DecisionTreeClassifier(),{},0.012964963912963867,0.6716225975960679,0.7345203568994754,0.522746071133168,0.5889710062535531,18,"['Partner', 'PaperlessBilling', 'Dependents', 'PaymentMethod', 'InternetService', 'StreamingMovies', 'MonthlyCharges', 'OnlineSecurity', 'gender', 'SeniorCitizen', 'PhoneService', 'TotalCharges', 'StreamingTV', 'TechSupport', 'OnlineBackup', 'tenure', 'MultipleLines', 'DeviceProtection']"
F1R,<class 'sklearn.feature_selection._univariate_selection.GenericUnivariateSelect'>,"DecisionTreeClassifier(max_depth=1, max_leaf_nodes=3)",{},0.012964963912963867,0.7345203568994754,0.7345203568994754,0.5889710062535531,0.5889710062535531,18,"['Partner', 'PaperlessBilling', 'Dependents', 'PaymentMethod', 'InternetService', 'StreamingMovies', 'MonthlyCharges', 'OnlineSecurity', 'gender', 'SeniorCitizen', 'PhoneService', 'TotalCharges', 'StreamingTV', 'TechSupport', 'OnlineBackup', 'tenure', 'MultipleLines', 'DeviceProtection']"
F1R,<class 'sklearn.feature_selection._univariate_selection.GenericUnivariateSelect'>,"DecisionTreeClassifier(max_depth=10, max_leaf_nodes=5)",{},0.013962030410766602,0.7306064393141842,0.7345203568994754,0.6022364217252396,0.5889710062535531,18,"['Partner', 'PaperlessBilling', 'Dependents', 'PaymentMethod', 'InternetService', 'StreamingMovies', 'MonthlyCharges', 'OnlineSecurity', 'gender', 'SeniorCitizen', 'PhoneService', 'TotalCharges', 'StreamingTV', 'TechSupport', 'OnlineBackup', 'tenure', 'MultipleLines', 'DeviceProtection']"
F1R,<class 'sklearn.feature_selection._univariate_selection.GenericUnivariateSelect'>,"XGBClassifier(base_score=None, booster=None, callbacks=None,
              colsample_bylevel=None, colsample_bynode=None,
              colsample_bytree=None, early_stopping_rounds=None,
              enable_categorical=False, eval_metric=None, feature_types=None,
              gamma=None, gpu_id=None, grow_policy=None, importance_type=None,
              interaction_constraints=None, learning_rate=None, max_bin=None,
              max_cat_threshold=None, max_cat_to_onehot=None,
              max_delta_step=None, max_depth=None, max_leaves=None,
              min_child_weight=None, missing=nan, monotone_constraints=None,
              n_estimators=100, n_jobs=None, num_parallel_tree=None,
              predictor=None, random_state=42, ...)",{},0.014960765838623047,0.7178413513458443,0.7345203568994754,0.589585172109444,0.5889710062535531,18,"['Partner', 'PaperlessBilling', 'Dependents', 'PaymentMethod', 'InternetService', 'StreamingMovies', 'MonthlyCharges', 'OnlineSecurity', 'gender', 'SeniorCitizen', 'PhoneService', 'TotalCharges', 'StreamingTV', 'TechSupport', 'OnlineBackup', 'tenure', 'MultipleLines', 'DeviceProtection']"
F1R,<class 'sklearn.feature_selection._univariate_selection.GenericUnivariateSelect'>,LogisticRegression(),{},0.014960050582885742,0.7705680189633977,0.7345203568994754,0.6449746926970354,0.5889710062535531,18,"['Partner', 'PaperlessBilling', 'Dependents', 'PaymentMethod', 'InternetService', 'StreamingMovies', 'MonthlyCharges', 'OnlineSecurity', 'gender', 'SeniorCitizen', 'PhoneService', 'TotalCharges', 'StreamingTV', 'TechSupport', 'OnlineBackup', 'tenure', 'MultipleLines', 'DeviceProtection']"
F1R,<class 'sklearn.feature_selection._univariate_selection.GenericUnivariateSelect'>,LogisticRegression(max_iter=1000),{},0.012965917587280273,0.771100062713242,0.7345203568994754,0.646288209606987,0.5889710062535531,18,"['Partner', 'PaperlessBilling', 'Dependents', 'PaymentMethod', 'InternetService', 'StreamingMovies', 'MonthlyCharges', 'OnlineSecurity', 'gender', 'SeniorCitizen', 'PhoneService', 'TotalCharges', 'StreamingTV', 'TechSupport', 'OnlineBackup', 'tenure', 'MultipleLines', 'DeviceProtection']"
